iteration,exact_loglik,mse_base_units,theta_1,theta_2,theta_3,theta_4,theta_5,theta_6,theta_7,theta_8,theta_9,relative_change
0,-68.83661099568224,36.07049193751585,114.83571428571399,229.04523809523846,359.692857142857,187.71190476190492,719.9642857142854,299.1404761904762,80.69285714285701,420.4738095238096,545.5500000000001,
1,-67.99561351609117,36.46925116301297,114.79288464419712,227.73597211332347,360.3189742410335,187.166522818989,719.9003499063916,297.9185685950602,85.0321947233221,419.758244145972,548.376288811711,0.004866034410667492
2,-67.66018168448068,37.463691160370075,114.45463093503838,227.0974151766706,360.3425915957323,186.53975289098688,719.290416129173,297.2270970897234,87.84881228581287,419.0684674451495,549.1308164517131,0.002851840625784318
3,-67.51378497577258,37.877111855910684,114.10820666634513,226.93230355176863,360.308756201267,186.0105698085071,718.9170126537027,296.9800055764627,89.73419985538287,418.6772632263087,549.3316824602549,0.0018210209503393376
4,-67.44554138028997,37.783604705219105,113.80817831956034,226.98957087014165,360.2486934102211,185.55608752177358,718.6852151388658,296.93384100501123,91.00796218704318,418.44580361180687,549.3246479355763,0.0012421937698716536
5,-67.4119356272497,37.4177832904544,113.56925556547422,227.14215866101637,360.17751564294286,185.16695213347506,718.5400158073898,296.96820550224135,91.87793449224357,418.304439124453,549.253523070764,0.0008885640776150267
6,-67.39460661702458,36.9424100321485,113.38852519491127,227.3262546826126,360.1034862681503,184.8366627962599,718.4488249623647,297.02605873252304,92.47900500075706,418.21692667251176,549.1742556899092,0.0006564580902303009
7,-67.38530937035438,36.447774727121725,113.25663687131643,227.51069449915366,360.03148478917905,184.5587656421657,718.3918421223228,297.08241027565657,92.89910535664052,418.1633326563926,549.1057277871728,0.0004960725774996304
8,-67.38014333062063,35.978645510643524,113.16305286667958,227.68124481017094,359.96438583199244,184.32659941751734,718.3567505139939,297.12800886004084,93.19602588606644,418.1319346989851,549.0519971145534,0.0003813247861279488
9,-67.37718084395374,35.55450236475009,113.09824858395307,227.83240545203375,359.9037267498124,184.1336416056112,718.3357356295097,297.16094534487513,93.4081370660774,418.1153634299627,549.0117961381649,0.00029719774461226266
10,-67.37543293077039,35.1815136164578,113.05442366408727,227.96308711772312,359.85012490912754,183.9738414363047,718.3237637554153,297.18241702309325,93.56120124437241,418.1087236130388,548.9824172368377,0.00023434351806214855
11,-67.37437502703506,34.859138385206975,113.02553776983194,228.07432139419748,359.80358272757746,183.8418085942413,718.3175585874184,297.1946631772066,93.67271369299921,418.1086397212441,548.9611743352835,0.00018662388740325032
12,-67.37372024003213,34.58367554404183,113.00708018501801,228.16805150548046,359.7637185419936,183.7328744134148,718.3149754588901,297.2000178940431,93.75468897901175,418.1127384566531,548.9458545654952,0.00014987171806110248
13,-67.3733070707641,34.3501471966738,112.99576833824192,228.24650361660832,359.729936685306,183.64307135348687,718.3146088666244,297.20052456001764,93.81546664625664,418.11934383487085,548.9347760985873,0.00012119740727805952
14,-67.37304209240551,34.15328174331691,112.98926048946736,228.31187164400453,359.70154669499607,183.56906983927811,718.315540950861,297.197821895529,93.86089416228108,418.12728130177334,548.9267130218095,9.856577156758465e-05
15,-67.37286985880598,33.98800913775167,112.98591356393922,228.36617108623972,359.6778419311129,183.50809838056892,718.317177482874,297.19315238722265,93.89511076373245,418.1357424439071,548.9207919604032,8.05232330878593e-05
16,-67.37275668314015,33.849691165001786,112.98459188354148,228.4111829351409,359.6581476433728,183.4578618986347,718.319139493076,297.1874184269421,93.92107277037842,418.14418684013435,548.916398108779,6.601661653685935e-05
17,-67.37268166412838,33.7342083372484,112.98452200933329,228.44844430655013,359.64184730098066,183.41646580462378,718.3211909923027,297.18125035859606,93.94090951064562,418.15226893154136,548.9131007854264,5.427110970819212e-05
18,-67.37263159347384,33.637970564698804,112.98518550050225,228.47926198468886,359.6283942778025,183.3823489575318,718.3231904828497,297.1750705968103,93.95616698507499,418.1597829877227,548.9105982270171,4.470752737516418e-05
19,-67.37259799310209,33.55788902688005,112.9862412064311,228.50473592149746,359.6173142293493,183.35422621184213,718.3250583405932,297.16914793728733,93.96797629411526,418.16662173024355,548.9086781286406,3.6885952887203696e-05
20,-67.37257534997377,33.49133015344902,112.9874697878157,228.5257857815287,359.6082019636367,183.33104006574968,718.3267548767828,297.16364090784094,93.97717110840856,418.17274546116516,548.9071900470716,3.046711747249296e-05
21,-67.37256004082923,33.43606330643198,112.98873458236768,228.54317699722273,359.60071538757137,183.31192041277257,718.3282656261308,297.1586310598521,93.9843702828198,418.17815930302135,548.9060263482417,2.5185705175833468e-05
22,-67.3725496639583,33.39020843974648,112.98995428636938,228.5575446694376,359.59456820074695,183.29615125804418,718.3295915386151,297.1541478207424,93.99003640921627,418.18289667144006,548.905109145388,2.083168352656457e-05
23,-67.37254261649917,33.35218696152789,112.99108406834925,228.56941466804165,359.58952236315884,183.2831432982458,718.3307425006668,297.1501866230832,93.99451761948077,418.18700749101043,548.9043813679632,1.7237055337453862e-05
24,-67.37253782296239,33.32067727799623,112.99210263785348,228.57922182653397,359.58538092435333,183.27241137826397,718.3317331131187,297.1467218552254,93.99807763762955,418.1905499772472,548.9038006497742,1.4266298256750491e-05
25,-67.37253455868608,33.294575509718484,112.99300348282937,228.5873253932726,359.5819815145207,183.26355597494697,718.3325799930305,297.1437159198569,94.00091752837788,418.1935850629382,548.9033351302267,1.1809339528489779e-05
26,-67.37253233378573,33.272961328209476,112.99378900169499,228.59402202016844,359.5791906181498,183.25624799310316,718.3333000981918,297.14112542361335,94.00319153836942,418.1961727558354,548.9029605508736,9.776297802956912e-06
27,-67.37253081626113,33.255068579196774,112.99446662984599,228.59955660644437,359.5768986437527,183.25021628019047,718.3339097318418,297.1389052872524,94.0050187077747,418.1983698832962,548.9026582296012,8.093477039164205e-06
28,-67.37252978064811,33.240260229776815,112.99504632922783,228.60413130948714,359.57501574387396,183.2452373705736,718.3344239941912,297.1370113725294,94.00649143479984,418.2002288138458,548.9024136314713,6.700264054844191e-06
29,-67.37252907361437,33.22800713524336,112.99553900115203,228.60791300907331,359.57346831064257,183.2411270579195,718.3348565223241,297.1354020683572,94.00768183186172,418.2017968510769,548.9022153475926,5.546690966249604e-06
30,-67.3725285907538,33.21787012873946,112.99595551792525,228.61103947757636,359.5721960616699,183.23773346692533,718.3352194116183,297.13403916020354,94.00864647187841,418.2031160768587,548.9020543553443,4.591496342084612e-06
31,-67.37252826089878,33.20948496984715,112.99630616393247,228.61362447372463,359.57114963133216,183.23493135524345,718.3355232471955,297.13288821680646,94.0094299540988,418.204223483026,548.9019234746404,3.8005673283732067e-06
32,-67.37252803552343,33.20254973301516,112.99660034319557,228.61576194437347,359.5702885884293,183.23261742530673,718.3357771981382,297.1319186612327,94.01006759931309,418.20515127751827,548.9018169624928,3.145677657216615e-06
33,-67.37252788151824,33.19681426532266,112.99684645653244,228.61752948904973,359.56957980978177,183.23070646565333,718.3359891436959,297.1311036438724,94.01058749922117,418.20592728569505,548.9017302064983,2.603458805207729e-06
34,-67.37252777626304,33.19207139095383,112.99705188329321,228.61899121618455,359.56899614869417,183.22912817392924,718.3361658118916,297.13041979892813,94.01101208390699,418.20657539302846,548.9016594901439,2.1545571145779456e-06
35,-67.3725277043178,33.18814958450097,112.99722302453745,228.62020009790825,359.5685153463345,183.2278245403601,718.3363129184404,297.12984693994497,94.01135932764609,418.2071159937851,548.9016018110432,1.7829407200601807e-06
36,-67.37252765514245,33.18490687571449,112.9973653794624,228.62119991172534,359.56811914243644,183.22674769223588,718.3364352988954,297.12936773134965,94.01164368169353,418.2075664234267,548.9015547387747,1.4753281097507671e-06
37,-67.37252762152434,33.18222578415947,112.99748363702919,228.62202684190203,359.5677925491008,183.22585811774903,718.3365370302093,297.1289673598374,94.0118767997727,418.2079413616404,548.9015163027591,1.220716050481611e-06
38,-67.3725275985405,33.18000911352953,112.99758177154801,228.6227108005525,359.56752325780747,183.2251232020999,718.33662154001,297.12863322028534,94.01206810526037,418.20825319921386,548.9014849032227,1.009989062181412e-06
39,-67.37252758282739,33.17817646232593,112.9976631355173,228.62327651779754,359.5673011551017,183.2245160207261,718.3366917032051,297.12835462457014,94.01222523679841,418.2085123661859,548.9014592400978,8.355960519831777e-07
40,-67.37252757208915,33.176661330698295,112.99773054598633,228.6237444416201,359.56711792688486,183.2240143443097,718.3367499263264,297.12812253742254,94.0123544000236,418.2087276214302,548.9014382559961,6.912823930917527e-07
41,-67.37252756474498,33.17540872285169,112.9977863626264,228.6241314808459,359.5669667349323,183.22359981825616,718.3367982204632,297.12792934064726,94.01246064640978,418.2089063055077,548.9014210903114,5.71867861415045e-07
42,-67.3725275597211,33.17437316100842,112.99783255689908,228.62445161876016,359.56684195229496,183.22325728594396,718.3368382638556,297.1277686252646,94.0125480952291,418.20905455957404,548.9014070421784,4.7306254398940467e-07
43,-67.37252755628873,33.17351704089532,112.99787077243785,228.62471642000767,359.56673894672645,183.22297423046982,718.3368714552918,297.1276350100521,94.0126201109042,418.20917751358905,548.9013955405211,3.913142157926874e-07
44,-67.37252755394417,33.17280927044401,112.99790237717306,228.62493544942953,359.5666539032963,183.22274031407753,718.3368989594369,297.1275239843782,94.01267944521028,418.209279447208,548.9013861197902,3.2368180762061335e-07
45,-67.37252755233709,33.17222414322886,112.99792850794204,228.62511661820375,359.56658367900064,183.2225469981269,718.3369217451615,297.12743177294857,94.01272835165871,418.2093639266675,548.9013784002901,2.677305132767068e-07
46,-67.37252755123995,33.171740406364975,112.997950108409,228.62526646995812,359.56652568351785,183.22238722947986,718.3369406178448,297.1273552200286,94.0127686777719,418.20943392078084,548.901372072209,2.2144484471039208e-07
47,-67.37252755048848,33.17134048944063,112.99796796112386,228.6253904173012,359.56647778134237,183.22225518166536,718.336956246523,297.12729169077824,94.01280193972043,418.2094918988994,548.9013668826464,1.8315657411911143e-07
48,-67.3725275499765,33.171009866758226,112.99798271450808,228.62549293738923,359.5664382114153,183.22214604123081,718.3369691866565,297.127238987486,94.01282938283798,418.20953991340735,548.9013626250689,1.514850228612223e-07
49,-67.37252754962702,33.17073652990457,112.99799490548948,228.62557773364207,359.5664055210822,183.2220558313725,718.3369798991844,297.12719527867944,94.01285203079242,418.20957966902034,548.9013591307374,1.2528758977286764e-07
50,-67.37252754938595,33.17051055160218,112.99800497843349,228.6256478694796,359.5663785117954,183.22198126632603,718.3369887664455,297.1271590392966,94.01287072561696,418.2096125808772,548.9013562617291,1.03618768151341e-07
51,-67.37252754922122,33.17032372508176,112.99801330093884,228.62570587892813,359.56635619444825,183.22191963113983,718.3369961054648,297.1271290003122,94.01288616035706,418.20963982314953,548.9013539052615,8.569620115901691e-08
52,-67.37252754911191,33.170169265911156,112.99802017699172,228.62575385810314,359.5663377526145,183.22186868239808,718.3370021790247,297.12710410641046,94.01289890573634,418.20966236965296,548.9013519690683,7.08725699626551e-08
53,-67.37252754903488,33.17004156548285,112.99802585790252,228.6257935408786,359.5663225122811,183.22182656623548,718.3370072048854,297.1270834804832,94.01290943196803,418.2096810277314,548.9013503776343,5.861231600043631e-08
54,-67.37252754898162,33.16993598721443,112.99803055138699,228.62582636147857,359.5663099169166,183.22179175062658,718.3370113634539,297.12706639389785,94.01291812661701,418.20969646649536,548.9013490691271,4.847236811073929e-08
55,-67.37252754895002,33.16984869806859,112.9980344290984,228.62585350625335,359.5662995069273,183.22176296945946,718.3370148041585,297.12705224163227,94.01292530924424,418.20970924033116,548.9013479928951,4.008618787543042e-08
56,-67.37252754892233,33.169776529274756,112.99803763286948,228.625875956509,359.5662909027225,183.2217391763401,718.3370176507458,297.127040521504,94.01293124342457,418.2097198084564,548.901347107428,3.315056252966872e-08
57,-67.37252754890568,33.16971686119174,112.99804027988135,228.62589452393757,359.56628379075147,183.22171950643093,718.3370200056767,297.12703081683844,94.01293614661766,418.20972855117367,548.9013463786922,2.7414674087069077e-08
58,-67.37252754889056,33.16966752812927,112.99804246694109,228.62590987992635,359.56627791198645,183.22170324492504,718.3370219537753,297.12702278201965,94.01294019828173,418.2097357833717,548.9013457787725,2.2671052739144318e-08
59,-67.3725275488855,33.16962673966743,112.99804427402036,228.62592257980313,359.56627305242154,183.221689801,718.3370235652567,297.1270161304549,94.01294354654752,418.20974176573367,548.9013452847622,1.8748090489775628e-08
60,-67.37252754887908,33.16959301561746,112.9980457671813,228.62593308289294,359.5662690352321,183.22167868629768,718.3370248982349,297.127010624556,94.01294631371131,418.2097467140364,548.9013448778575,1.5503846216323174e-08
61,-67.37252754887487,33.16956513225494,112.99804700099499,228.62594176910986,359.56626571430377,183.22166949714293,718.3370260008047,297.12700606740634,94.01294860075805,418.2097508068634,548.9013445426159,1.2820920152301355e-08
62,-67.37252754887476,33.169542077873544,112.99804802054038,228.62594895268202,359.5662629688905,183.22166189985043,718.3370269127655,297.12700229583237,94.01295049108806,418.2097541919997,548.901344266351,1.060221300721173e-08
63,-67.37252754887169,33.16952301604485,112.99804886305556,228.625954893505,359.566260699204,183.221655618583,718.3370276670489,297.1269991746476,94.01295205358844,418.209756991731,548.9013440386365,8.767416883262254e-09
64,-67.37252754887066,33.16950725524298,112.99804955930229,228.62595980653393,359.5662588227715,183.22165042531768,718.3370282909021,297.12699659187143,94.01295334516558,418.2097593072352,548.9013438509003,7.250113457683439e-09
65,-67.37252754887311,33.16949422373871,112.99805013469282,228.6259638695519,359.56625727142756,183.2216461315537,718.3370288068679,297.12699445476,94.0129544128338,418.20976122221936,548.9013436960928,5.995371978813314e-09
66,-67.37252754887174,33.16948344884071,112.99805061022084,228.62596722959674,359.5662559888299,183.22164258145892,718.337029233596,297.12699268651244,94.01295529543872,418.2097628059322,548.9013435684145,4.957763771023718e-09
67,-67.37252754886879,33.16947453973642,112.99805100323039,228.62597000827634,359.56625492840624,183.22163964620586,718.3370295865138,297.1269912235382,94.01295602507908,418.2097641156577,548.9013434630923,4.099718442586393e-09
68,-67.37252754887112,33.169467173306536,112.99805132805074,228.62597230616572,359.5662540516595,183.22163721929022,718.337029878384,297.12699001319123,94.0129566282807,418.2097651987807,548.9013433761972,3.3901652840259846e-09
69,-67.37252754886919,33.16946108239831,112.99805159652091,228.62597420644377,359.5662533267658,183.22163521266117,718.337030119763,297.12698901189043,94.01295712696555,418.20976609449536,548.9013433044942,2.803409149812574e-09
70,-67.37252754886907,33.169456046129106,112.99805181842285,228.6259757779016,359.5662527274174,183.22163355352302,718.3370303193831,297.1269881835625,94.01295753925162,418.2097668352196,548.9013432453183,2.3182003614596322e-09
71,-67.37252754886754,33.16945188187153,112.99805200183911,228.62597707743078,359.56625223186614,183.2216321816914,718.3370304844666,297.1269874983511,94.01295788011406,418.20976744776635,548.9013431964745,1.9169660858937112e-09
72,-67.37252754887044,33.169448438626326,112.99805215344833,228.62597815208113,359.56625182213236,183.22163104740775,718.3370306209874,297.12698693154744,94.01295816193075,418.20976795431153,548.9013431561533,1.5851740831460472e-09
73,-67.37252754886799,33.169445591545774,112.99805227876939,228.62597904076296,359.5662514833517,183.22163010953273,718.3370307338864,297.12698646270394,94.01295839493332,418.2097683731955,548.901343122864,1.310806679535499e-09
74,-67.37252754886663,33.16944323740113,112.99805238236294,228.62597977565503,359.5662512032353,183.22162933405298,718.3370308272501,297.1269860749008,94.01295858757948,418.20976871958646,548.9013430953769,1.0839258132504302e-09
75,-67.37252754886663,33.16944129084093,112.99805246799787,228.62598038336873,359.5662509716231,183.2216286928463,718.3370309044582,297.1269857541381,94.01295874686087,418.2097690060284,548.9013430726784,8.963130800342659e-10
76,-67.37252754886805,33.16943968129338,112.99805253878883,228.62598088591133,359.5662507801151,183.22162816266126,718.3370309683056,297.1269854888324,94.01295887855744,418.20976924289556,548.9013430539325,7.411724875954752e-10
77,-67.37252754886828,33.16943835040702,112.99805259731006,228.6259813014822,359.5662506217663,183.22162772427316,718.3370310211044,297.1269852694003,94.01295898744742,418.2097694387669,548.9013430384493,6.128839481586306e-10
78,-67.37252754886731,33.169437249934326,112.9980526456891,228.62598164513187,359.56625049083453,183.22162736178686,718.337031064766,297.12698508791317,94.01295907748111,418.2097696007372,548.90134302566,5.068000938219018e-10
79,-67.37252754886856,33.169436339982326,112.99805268568433,228.62598192930665,359.5662503825723,183.22162706205978,718.3370311008716,297.12698493781227,94.0129591519244,418.20976973467356,548.9013430150952,4.1907774691027074e-10
80,-67.37252754886555,33.16943558756495,112.99805271874918,228.62598216429902,359.5662502930541,183.22162681422526,718.3370311307286,297.1269848136715,94.01295921347739,418.20976984542773,548.9013430063671,3.465390175301359e-10
81,-67.3725275488656,33.169434965408016,112.99805274608495,228.62598235862055,359.56625021903466,183.22162660929843,718.3370311554183,297.1269847110027,94.01295926437241,418.2097699370119,548.9013429991561,2.865557475610149e-10
82,-67.37252754887135,33.169434450959386,112.99805276868462,228.62598251930982,359.56625015783015,183.22162643985016,718.337031175835,297.12698462609296,94.01295930645516,418.20977001274406,548.9013429931979,2.369550074400229e-10
83,-67.37252754886646,33.16943402557186,112.99805278736902,228.62598265218753,359.56625010722183,183.2216262997378,718.3370311927182,297.1269845558714,94.0129593412516,418.2097700753678,548.9013429882748,1.959396412169481e-10
84,-67.37252754886453,33.16943367382635,112.99805280281666,228.6259827620669,359.5662500653752,183.22162618388225,718.3370312066793,297.1269844977977,94.01295937002344,418.20977012715207,548.9013429842065,1.6202364489765147e-10
85,-67.37252754886981,33.169433382973985,112.99805281558835,228.62598285292833,359.5662500307731,183.22162608808387,718.337031218224,297.126984449771,94.01295939381387,418.2097701699728,548.9013429808446,1.3397818604762569e-10
86,-67.3725275488676,33.16943314247276,112.99805282614778,228.62598292806322,359.5662500021615,183.22162600887017,718.3370312277707,297.12698441005335,94.01295941348543,418.20977020538163,548.9013429780662,1.1078720166074862e-10
87,-67.3725275488672,33.16943294360595,112.99805283487824,228.62598299019353,359.566249978503,183.22162594336987,718.337031235665,297.12698437720763,94.01295942975126,418.20977023466133,548.90134297577,9.16104159051964e-11
88,-67.37252754886566,33.16943277916542,112.9980528420966,228.62598304157007,359.5662499589403,183.22162588920884,718.337031242193,297.12698435004506,94.01295944320105,418.20977025887294,548.9013429738723,7.575300934699566e-11
89,-67.372527548866,33.16943264319154,112.99805284806477,228.625983084054,359.5662499427642,183.22162584442395,718.3370312475911,297.1269843275825,94.01295945432236,418.20977027889353,548.9013429723036,6.264040128226889e-11
90,-67.37252754886265,33.16943253075638,112.99805285299934,228.62598311918458,359.56624992938845,183.221625807392,718.3370312520548,297.12698430900673,94.0129594635183,418.2097702954487,548.9013429710071,5.179758776276723e-11
91,-67.37252754887078,33.16943243778525,112.99805285707934,228.62598314823438,359.56624991832825,183.2216257767708,718.3370312557458,297.12698429364536,94.01295947112226,418.2097703091382,548.9013429699355,4.283151227517865e-11
92,-67.37252754886498,33.16943236090804,112.9980528604528,228.62598317225604,359.5662499091827,183.22162575145052,718.3370312587981,297.1269842809422,94.01295947740982,418.2097703204582,548.9013429690497,3.541754574748839e-11
93,-67.37252754886634,33.16943229733902,112.9980528632421,228.6259831921198,359.5662499016203,183.22162573051352,718.3370312613221,297.1269842704374,94.0129594826089,418.2097703298186,548.9013429683174,2.928681782263798e-11
94,-67.37252754886867,33.169432244774676,112.99805286554837,228.62598320854528,359.56624989536704,183.22162571320092,718.337031263409,297.1269842617504,94.01295948690795,418.2097703375587,548.9013429677121,2.4217331506421867e-11
95,-67.37252754886947,33.16943220130924,112.99805286745531,228.6259832221277,359.5662498901964,183.22162569888533,718.3370312651348,297.1269842545668,94.01295949046276,418.20977034395906,548.9013429672117,2.002534467562965e-11
96,-67.37252754886555,33.16943216536802,112.99805286903205,228.62598323335908,359.5662498859208,183.2216256870479,718.3370312665619,297.12698424862646,94.01295949340218,418.2097703492516,548.901342966798,1.655900324900262e-11
97,-67.3725275488689,33.169432135648954,112.99805287033578,228.62598324264636,359.5662498823853,183.22162567725962,718.3370312677418,297.1269842437141,94.01295949583275,418.20977035362796,548.9013429664561,1.3692650495377812e-11
98,-67.37252754886708,33.16943211107406,112.99805287141375,228.6259832503261,359.56624987946185,183.2216256691658,718.3370312687177,297.126984239652,94.01295949784256,418.2097703572468,548.9013429661734,1.1322462028050589e-11
99,-67.37252754886953,33.16943209075332,112.9980528723051,228.6259832566765,359.56624987704447,183.2216256624731,718.3370312695247,297.1269842362929,94.01295949950445,418.20977036023913,548.9013429659396,9.362540826327949e-12
100,-67.3725275488705,33.16943207395041,112.99805287304211,228.6259832619277,359.56624987504557,183.22162565693895,718.3370312701919,297.12698423351515,94.01295950087865,418.2097703627135,548.9013429657465,7.741891108731702e-12
101,-67.37252754886987,33.16943206005609,112.99805287365152,228.62598326626994,359.5662498733926,183.22162565236277,718.3370312707436,297.12698423121816,94.01295950201497,418.2097703647596,548.9013429655868,6.401807363903065e-12
102,-67.37252754886697,33.16943204856673,112.99805287415543,228.62598326986057,359.5662498720258,183.2216256485788,718.3370312712,297.12698422931874,94.01295950295457,418.20977036645155,548.9013429654547,5.293660992871157e-12
103,-67.37252754886936,33.1694320390663,112.99805287457208,228.62598327282967,359.5662498708957,183.22162564544982,718.3370312715772,297.12698422774804,94.01295950373154,418.2097703678506,548.9013429653454,4.377311632277952e-12
104,-67.3725275488693,33.16943203121055,112.9980528749166,228.62598327528482,359.5662498699612,183.22162564286248,718.337031271889,297.1269842264492,94.01295950437398,418.20977036900746,548.9013429652551,3.6195958980985974e-12
105,-67.37252754887027,33.16943202471444,112.99805287520148,228.62598327731502,359.5662498691884,183.22162564072303,718.337031272147,297.1269842253752,94.01295950490523,418.20977036996413,548.9013429651804,2.9930736367878383e-12
106,-67.37252754886606,33.16943201934301,112.99805287543703,228.62598327899377,359.56624986854945,183.22162563895392,718.3370312723604,297.12698422448705,94.01295950534454,418.2097703707551,548.9013429651187,2.4749692194460382e-12
107,-67.37252754886549,33.169432014901304,112.9980528756318,228.62598328038194,359.5662498680211,183.2216256374911,718.3370312725368,297.1269842237527,94.01295950570778,418.2097703714092,548.9013429650677,2.0465184787962097e-12
108,-67.37252754886845,33.16943201122855,112.99805287579288,228.62598328152984,359.5662498675842,183.22162563628146,718.3370312726826,297.12698422314537,94.01295950600813,418.20977037195,548.9013429650255,1.6922705278532484e-12
109,-67.37252754886663,33.16943200819144,112.99805287592606,228.62598328247904,359.5662498672229,183.2216256352812,718.3370312728032,297.1269842226432,94.01295950625651,418.20977037239726,548.9013429649906,1.3993598635604249e-12
110,-67.37252754886856,33.16943200568008,112.99805287603616,228.62598328326393,359.5662498669241,183.2216256344541,718.3370312729029,297.126984222228,94.01295950646188,418.20977037276714,548.9013429649617,1.1571416489510023e-12
111,-67.37252754886947,33.16943200360354,112.99805287612723,228.62598328391292,359.5662498666771,183.2216256337702,718.3370312729853,297.1269842218846,94.0129595066317,418.20977037307296,548.9013429649378,9.568041664606255e-13
112,-67.3725275488681,33.16943200188642,112.99805287620251,228.6259832844496,359.56624986647284,183.22162563320464,718.3370312730535,297.1269842216007,94.01295950677213,418.2097703733259,548.9013429649182,7.912146578437831e-13
113,-67.37252754886418,33.16943200046665,112.99805287626478,228.62598328489335,359.5662498663039,183.22162563273702,718.33703127311,297.12698422136594,94.01295950688827,418.20977037353504,548.9013429649019,6.54230064131193e-13
114,-67.37252754886748,33.16943199929267,112.99805287631627,228.62598328526028,359.56624986616424,183.2216256323503,718.3370312731564,297.12698422117177,94.01295950698427,418.20977037370784,548.9013429648884,5.409471632879686e-13
115,-67.37252754886725,33.16943199832159,112.99805287635887,228.62598328556376,359.5662498660488,183.22162563203057,718.3370312731951,297.12698422101124,94.01295950706368,418.20977037385086,548.9013429648772,4.473725675703756e-13
116,-67.3725275488664,33.16943199751891,112.99805287639404,228.62598328581464,359.56624986595324,183.22162563176616,718.337031273227,297.12698422087846,94.01295950712931,418.2097703739691,548.901342964868,3.6991277103207935e-13
117,-67.37252754886919,33.16943199685469,112.99805287642315,228.62598328602218,359.5662498658743,183.22162563154754,718.3370312732535,297.1269842207687,94.01295950718361,418.20977037406686,548.9013429648603,3.059064911204609e-13
118,-67.3725275488697,33.16943199630604,112.9980528764472,228.6259832861937,359.56624986580897,183.22162563136675,718.3370312732752,297.1269842206779,94.01295950722849,418.20977037414764,548.901342964854,2.528900398783273e-13
119,-67.37252754886902,33.16943199585221,112.9980528764671,228.62598328633553,359.566249865755,183.22162563121725,718.3370312732933,297.1269842206028,94.0129595072656,418.2097703742145,548.9013429648488,2.0912939997666915e-13
120,-67.37252754886742,33.16943199547683,112.99805287648356,228.62598328645285,359.56624986571035,183.22162563109364,718.3370312733081,297.12698422054075,94.01295950729629,418.20977037426985,548.9013429648445,1.729656224100494e-13
121,-67.37252754886737,33.16943199516658,112.99805287649716,228.62598328654985,359.56624986567346,183.22162563099144,718.3370312733203,297.1269842204894,94.01295950732167,418.20977037431555,548.901342964841,1.4299006690713991e-13
122,-67.37252754886805,33.16943199491001,112.9980528765084,228.62598328663012,359.56624986564293,183.2216256309069,718.3370312733306,297.126984220447,94.01295950734267,418.20977037435335,548.9013429648381,1.1827309976923987e-13
123,-67.37252754886873,33.16943199469789,112.9980528765177,228.62598328669645,359.5662498656177,183.22162563083702,718.337031273339,297.12698422041194,94.01295950736004,418.20977037438456,548.9013429648357,9.776736019219708e-14
124,-67.37252754886867,33.16943199452242,112.99805287652538,228.62598328675128,359.5662498655968,183.22162563077922,718.337031273346,297.1269842203829,94.01295950737438,418.20977037441037,548.9013429648337,8.086485035018182e-14
125,-67.37252754886987,33.16943199437745,112.99805287653174,228.62598328679667,359.56624986557955,183.22162563073144,718.3370312733516,297.1269842203589,94.01295950738626,418.20977037443174,548.9013429648321,6.685229173619405e-14
126,-67.37252754887038,33.1694319942572,112.99805287653702,228.62598328683418,359.5662498655653,183.2216256306919,718.3370312733564,297.12698422033907,94.01295950739606,418.20977037444936,548.9013429648306,5.52923037494466e-14
127,-67.37252754887095,33.169431994158046,112.99805287654138,228.62598328686516,359.5662498655534,183.22162563065925,718.3370312733604,297.12698422032264,94.01295950740418,418.20977037446403,548.9013429648295,4.572726436820273e-14
128,-67.37252754886441,33.169431994075694,112.99805287654499,228.62598328689086,359.5662498655436,183.22162563063222,718.3370312733637,297.12698422030905,94.01295950741088,418.2097703744761,548.9013429648285,3.783946856527834e-14
129,-67.37252754886748,33.16943199400815,112.99805287654794,228.62598328691203,359.5662498655356,183.22162563060988,718.3370312733664,297.12698422029786,94.01295950741644,418.209770374486,548.9013429648278,3.121552638053861e-14
130,-67.37252754886742,33.16943199395231,112.9980528765504,228.62598328692954,359.56624986552896,183.22162563059143,718.3370312733687,297.12698422028853,94.01295950742103,418.20977037449427,548.9013429648272,2.5824270446071422e-14
131,-67.37252754887118,33.16943199390573,112.99805287655244,228.62598328694406,359.56624986552345,183.22162563057617,718.3370312733706,297.12698422028086,94.01295950742481,418.20977037450115,548.9013429648267,2.1394954539382418e-14
132,-67.37252754886725,33.16943199386731,112.99805287655411,228.62598328695606,359.56624986551884,183.22162563056352,718.3370312733721,297.12698422027455,94.01295950742794,418.20977037450683,548.9013429648262,1.768813236580034e-14
133,-67.37252754886754,33.169431993835694,112.99805287655552,228.62598328696595,359.56624986551503,183.22162563055306,718.3370312733733,297.12698422026926,94.01295950743052,418.2097703745115,548.9013429648259,1.4625186620487408e-14
134,-67.37252754887112,33.16943199380953,112.99805287655667,228.62598328697413,359.5662498655119,183.22162563054442,718.3370312733742,297.1269842202649,94.0129595074327,418.2097703745153,548.9013429648255,1.2075919032608083e-14
135,-67.37252754886828,33.16943199378767,112.99805287655762,228.62598328698098,359.5662498655094,183.2216256305373,718.3370312733751,297.1269842202613,94.01295950743447,418.20977037451854,548.9013429648253,1.002298975329156e-14
136,-67.37252754886958,33.16943199376978,112.99805287655842,228.62598328698655,359.56624986550725,183.22162563053138,718.3370312733758,297.12698422025835,94.01295950743594,418.20977037452116,548.9013429648251,8.243563784683786e-15
137,-67.37252754886816,33.169431993755,112.99805287655907,228.6259832869912,359.5662498655055,183.2216256305265,718.3370312733765,297.1269842202559,94.01295950743715,418.2097703745234,548.901342964825,6.8451012204072776e-15
138,-67.37252754886669,33.16943199374265,112.9980528765596,228.625983286995,359.566249865504,183.22162563052245,718.337031273377,297.12698422025386,94.01295950743815,418.20977037452525,548.9013429648247,5.662600225135386e-15
139,-67.3725275488639,33.169431993732395,112.99805287656005,228.6259832869982,359.56624986550275,183.22162563051913,718.3370312733774,297.12698422025215,94.01295950743896,418.2097703745267,548.9013429648246,4.701137599518179e-15
140,-67.3725275488651,33.16943199372406,112.99805287656042,228.6259832870008,359.56624986550173,183.22162563051637,718.3370312733778,297.1269842202508,94.01295950743965,418.2097703745279,548.9013429648245,3.833146869398961e-15
141,-67.37252754886623,33.16943199371718,112.99805287656072,228.62598328700298,359.56624986550094,183.2216256305141,718.3370312733781,297.12698422024965,94.01295950744023,418.20977037452906,548.9013429648245,3.227645662549718e-15
142,-67.37252754886629,33.16943199371141,112.99805287656098,228.62598328700477,359.56624986550025,183.2216256305122,718.3370312733782,297.12698422024874,94.01295950744071,418.2097703745298,548.9013429648244,2.6132786911422714e-15
143,-67.37252754886703,33.16943199370663,112.99805287656118,228.62598328700625,359.5662498654997,183.22162563051063,718.3370312733783,297.12698422024795,94.01295950744108,418.2097703745304,548.9013429648243,2.1655422493959594e-15
144,-67.37252754886708,33.16943199370275,112.99805287656135,228.62598328700747,359.5662498654993,183.22162563050932,718.3370312733784,297.1269842202474,94.01295950744142,418.20977037453105,548.9013429648243,1.79278494248543e-15
145,-67.37252754886754,33.16943199369957,112.9980528765615,228.62598328700844,359.56624986549895,183.22162563050824,718.3370312733788,297.12698422024687,94.01295950744168,418.2097703745315,548.9013429648243,1.481552797564523e-15
146,-67.37252754886998,33.16943199369683,112.9980528765616,228.62598328700926,359.5662498654986,183.22162563050736,718.3370312733788,297.1269842202464,94.01295950744189,418.2097703745319,548.9013429648242,1.2338596005841456e-15
147,-67.37252754886475,33.16943199369458,112.9980528765617,228.62598328700997,359.5662498654983,183.22162563050665,718.3370312733789,297.1269842202461,94.01295950744208,418.2097703745323,548.9013429648242,1.0390564216915178e-15
148,-67.3725275488672,33.16943199369255,112.9980528765618,228.62598328701054,359.5662498654981,183.22162563050605,718.337031273379,297.12698422024573,94.01295950744222,418.2097703745326,548.901342964824,8.643493825621504e-16
149,-67.37252754886805,33.169431993691234,112.99805287656186,228.625983287011,359.5662498654979,183.22162563050554,718.3370312733789,297.12698422024545,94.01295950744235,418.20977037453275,548.901342964824,6.970312351475477e-16
150,-67.37252754886879,33.16943199368995,112.99805287656191,228.6259832870114,359.56624986549787,183.22162563050514,718.337031273379,297.1269842202453,94.01295950744245,418.2097703745329,548.901342964824,5.538787006623932e-16
151,-67.3725275488705,33.16943199368896,112.99805287656197,228.6259832870117,359.56624986549764,183.22162563050478,718.337031273379,297.1269842202451,94.01295950744253,418.20977037453304,548.901342964824,5.069068120983347e-16
152,-67.37252754886617,33.169431993687944,112.998052876562,228.62598328701202,359.5662498654976,183.2216256305045,718.3370312733791,297.126984220245,94.01295950744259,418.2097703745332,548.901342964824,4.2749323659517637e-16
153,-67.37252754886617,33.16943199368737,112.99805287656203,228.62598328701222,359.56624986549747,183.22162563050424,718.3370312733791,297.1269842202448,94.01295950744267,418.2097703745333,548.901342964824,3.5715175090311e-16
154,-67.37252754886504,33.16943199368693,112.99805287656206,228.62598328701236,359.56624986549735,183.22162563050404,718.337031273379,297.1269842202447,94.01295950744273,418.2097703745335,548.901342964824,3.1616582056323863e-16
155,-67.37252754886413,33.169431993686494,112.99805287656208,228.62598328701256,359.56624986549735,183.2216256305039,718.3370312733791,297.12698422024465,94.01295950744277,418.2097703745336,548.9013429648242,2.8153759212914665e-16
156,-67.372527548866,33.16943199368591,112.99805287656208,228.62598328701267,359.5662498654973,183.22162563050372,718.3370312733791,297.1269842202446,94.01295950744279,418.2097703745336,548.901342964824,2.1624249324957936e-16
157,-67.37252754886555,33.16943199368561,112.99805287656211,228.6259832870128,359.5662498654973,183.22162563050367,718.3370312733791,297.12698422024454,94.01295950744283,418.2097703745336,548.901342964824,1.2927197066219412e-16
158,-67.37252754886418,33.16943199368545,112.99805287656211,228.62598328701284,359.56624986549724,183.22162563050358,718.3370312733791,297.1269842202445,94.01295950744283,418.2097703745336,548.901342964824,1.134829883184018e-16
159,-67.37252754886799,33.16943199368524,112.99805287656214,228.6259832870129,359.5662498654972,183.22162563050352,718.3370312733792,297.1269842202444,94.01295950744284,418.2097703745336,548.901342964824,1.427962955039497e-16
160,-67.37252754886822,33.169431993685095,112.99805287656214,228.62598328701296,359.5662498654971,183.22162563050347,718.3370312733792,297.12698422024437,94.01295950744284,418.2097703745336,548.901342964824,9.905607315406964e-17
161,-67.37252754886828,33.16943199368485,112.99805287656214,228.625983287013,359.5662498654972,183.22162563050344,718.3370312733794,297.12698422024437,94.01295950744286,418.2097703745337,548.901342964824,1.5904978724916147e-16
162,-67.37252754886873,33.169431993684725,112.99805287656214,228.62598328701307,359.5662498654971,183.22162563050335,718.3370312733792,297.1269842202443,94.01295950744286,418.2097703745337,548.901342964824,1.5063364254501354e-16
163,-67.3725275488685,33.169431993684604,112.99805287656214,228.62598328701313,359.5662498654972,183.22162563050333,718.3370312733792,297.12698422024425,94.01295950744287,418.2097703745337,548.901342964824,9.01423872202796e-17
164,-67.37252754886805,33.16943199368441,112.99805287656214,228.62598328701318,359.5662498654971,183.2216256305033,718.3370312733792,297.12698422024425,94.01295950744289,418.20977037453383,548.901342964824,1.2443765183938149e-16
165,-67.37252754886742,33.16943199368452,112.99805287656214,228.62598328701318,359.56624986549707,183.22162563050327,718.3370312733791,297.1269842202442,94.0129595074429,418.2097703745338,548.901342964824,1.3393190658866626e-16
166,-67.37252754886788,33.169431993684256,112.99805287656214,228.62598328701324,359.56624986549707,183.22162563050327,718.3370312733792,297.12698422024425,94.01295950744291,418.2097703745339,548.901342964824,1.5711008313348162e-16
167,-67.37252754886742,33.16943199368426,112.99805287656214,228.62598328701324,359.566249865497,183.22162563050324,718.3370312733794,297.1269842202442,94.01295950744291,418.20977037453383,548.901342964824,1.3335831977055918e-16
168,-67.37252754886833,33.16943199368432,112.99805287656214,228.62598328701324,359.56624986549707,183.22162563050324,718.3370312733792,297.1269842202442,94.01295950744291,418.2097703745338,548.901342964824,1.2131841757563685e-16
169,-67.37252754886697,33.16943199368424,112.99805287656214,228.62598328701324,359.566249865497,183.22162563050324,718.3370312733794,297.1269842202442,94.01295950744291,418.2097703745339,548.901342964824,1.4858410973110445e-16
170,-67.37252754886833,33.16943199368428,112.99805287656214,228.62598328701324,359.56624986549707,183.2216256305032,718.3370312733792,297.1269842202442,94.01295950744291,418.20977037453383,548.901342964824,1.2382009144258705e-16
171,-67.37252754886697,33.1694319936843,112.99805287656214,228.62598328701324,359.566249865497,183.2216256305032,718.3370312733794,297.12698422024414,94.01295950744291,418.2097703745338,548.901342964824,1.3103886770814488e-16
172,-67.37252754886833,33.169431993684476,112.99805287656214,228.62598328701324,359.56624986549707,183.2216256305032,718.3370312733792,297.1269842202442,94.01295950744291,418.2097703745339,548.9013429648242,1.8531694391087229e-16
173,-67.37252754886651,33.16943199368436,112.99805287656214,228.62598328701324,359.566249865497,183.2216256305032,718.3370312733791,297.12698422024414,94.01295950744291,418.20977037453383,548.901342964824,1.642659139290227e-16
174,-67.37252754886833,33.169431993684505,112.99805287656214,228.62598328701324,359.56624986549707,183.2216256305032,718.3370312733792,297.1269842202442,94.01295950744291,418.20977037453383,548.9013429648242,1.5662140361955962e-16
175,-67.37252754886606,33.169431993684384,112.99805287656214,228.62598328701324,359.566249865497,183.2216256305032,718.3370312733791,297.12698422024414,94.01295950744291,418.2097703745338,548.901342964824,1.642659139290227e-16
176,-67.37252754886833,33.16943199368434,112.99805287656214,228.6259832870133,359.56624986549707,183.2216256305032,718.3370312733792,297.1269842202442,94.01295950744291,418.2097703745339,548.9013429648242,1.918212608332077e-16
177,-67.37252754886651,33.16943199368422,112.99805287656214,228.6259832870133,359.566249865497,183.2216256305032,718.3370312733791,297.12698422024414,94.01295950744291,418.20977037453383,548.901342964824,1.642659139290227e-16
178,-67.37252754886833,33.169431993684356,112.99805287656214,228.6259832870133,359.56624986549707,183.2216256305032,718.3370312733792,297.1269842202442,94.01295950744291,418.20977037453383,548.9013429648242,1.5662140361955962e-16
179,-67.37252754886606,33.16943199368424,112.99805287656214,228.6259832870133,359.566249865497,183.2216256305032,718.3370312733791,297.12698422024414,94.01295950744291,418.2097703745338,548.901342964824,1.642659139290227e-16
180,-67.37252754886833,33.16943199368419,112.99805287656214,228.62598328701336,359.56624986549707,183.2216256305032,718.3370312733792,297.1269842202442,94.01295950744291,418.2097703745339,548.9013429648242,1.918212608332077e-16
181,-67.37252754886651,33.16943199368413,112.99805287656214,228.62598328701333,359.566249865497,183.22162563050318,718.3370312733791,297.12698422024414,94.01295950744291,418.20977037453383,548.901342964824,1.6795774374087412e-16
182,-67.37252754886742,33.16943199368427,112.99805287656214,228.62598328701333,359.56624986549707,183.22162563050318,718.3370312733792,297.1269842202442,94.01295950744291,418.20977037453383,548.9013429648242,1.5662140361955962e-16
183,-67.37252754886697,33.169431993684064,112.99805287656214,228.62598328701333,359.566249865497,183.22162563050318,718.3370312733794,297.12698422024414,94.01295950744291,418.2097703745338,548.901342964824,1.642659139290227e-16
184,-67.37252754886742,33.16943199368424,112.99805287656214,228.62598328701333,359.56624986549707,183.22162563050318,718.3370312733792,297.1269842202442,94.01295950744291,418.2097703745339,548.9013429648242,1.8531694391087229e-16
185,-67.37252754886742,33.16943199368404,112.99805287656214,228.62598328701333,359.566249865497,183.22162563050318,718.3370312733794,297.12698422024414,94.01295950744291,418.20977037453383,548.901342964824,1.642659139290227e-16
186,-67.37252754886742,33.16943199368404,112.99805287656214,228.62598328701333,359.56624986549707,183.22162563050318,718.3370312733792,297.1269842202442,94.01295950744291,418.20977037453383,548.901342964824,1.2131841757563685e-16
187,-67.37252754886697,33.169431993684064,112.99805287656214,228.62598328701333,359.566249865497,183.22162563050318,718.3370312733794,297.12698422024414,94.01295950744291,418.2097703745338,548.901342964824,1.3103886770814488e-16
188,-67.37252754886742,33.16943199368424,112.99805287656214,228.62598328701333,359.56624986549707,183.22162563050318,718.3370312733792,297.1269842202442,94.01295950744291,418.2097703745339,548.9013429648242,1.8531694391087229e-16
189,-67.37252754886742,33.16943199368404,112.99805287656214,228.62598328701333,359.566249865497,183.22162563050318,718.3370312733794,297.12698422024414,94.01295950744291,418.20977037453383,548.901342964824,1.642659139290227e-16
190,-67.37252754886742,33.16943199368404,112.99805287656214,228.62598328701333,359.56624986549707,183.22162563050318,718.3370312733792,297.1269842202442,94.01295950744291,418.20977037453383,548.901342964824,1.2131841757563685e-16
191,-67.37252754886697,33.169431993684064,112.99805287656214,228.62598328701333,359.566249865497,183.22162563050318,718.3370312733794,297.12698422024414,94.01295950744291,418.2097703745338,548.901342964824,1.3103886770814488e-16
192,-67.37252754886742,33.16943199368424,112.99805287656214,228.62598328701333,359.56624986549707,183.22162563050318,718.3370312733792,297.1269842202442,94.01295950744291,418.2097703745339,548.9013429648242,1.8531694391087229e-16
193,-67.37252754886742,33.16943199368404,112.99805287656214,228.62598328701333,359.566249865497,183.22162563050318,718.3370312733794,297.12698422024414,94.01295950744291,418.20977037453383,548.901342964824,1.642659139290227e-16
194,-67.37252754886742,33.16943199368404,112.99805287656214,228.62598328701333,359.56624986549707,183.22162563050318,718.3370312733792,297.1269842202442,94.01295950744291,418.20977037453383,548.901342964824,1.2131841757563685e-16
195,-67.37252754886697,33.169431993684064,112.99805287656214,228.62598328701333,359.566249865497,183.22162563050318,718.3370312733794,297.12698422024414,94.01295950744291,418.2097703745338,548.901342964824,1.3103886770814488e-16
196,-67.37252754886742,33.16943199368424,112.99805287656214,228.62598328701333,359.56624986549707,183.22162563050318,718.3370312733792,297.1269842202442,94.01295950744291,418.2097703745339,548.9013429648242,1.8531694391087229e-16
197,-67.37252754886742,33.16943199368404,112.99805287656214,228.62598328701333,359.566249865497,183.22162563050318,718.3370312733794,297.12698422024414,94.01295950744291,418.20977037453383,548.901342964824,1.642659139290227e-16
198,-67.37252754886742,33.16943199368404,112.99805287656214,228.62598328701333,359.56624986549707,183.22162563050318,718.3370312733792,297.1269842202442,94.01295950744291,418.20977037453383,548.901342964824,1.2131841757563685e-16
199,-67.37252754886697,33.169431993684064,112.99805287656214,228.62598328701333,359.566249865497,183.22162563050318,718.3370312733794,297.12698422024414,94.01295950744291,418.2097703745338,548.901342964824,1.3103886770814488e-16
200,-67.37252754886742,33.16943199368424,112.99805287656214,228.62598328701333,359.56624986549707,183.22162563050318,718.3370312733792,297.1269842202442,94.01295950744291,418.2097703745339,548.9013429648242,1.8531694391087229e-16
201,-67.37252754886742,33.16943199368404,112.99805287656214,228.62598328701333,359.566249865497,183.22162563050318,718.3370312733794,297.12698422024414,94.01295950744291,418.20977037453383,548.901342964824,1.642659139290227e-16
202,-67.37252754886742,33.16943199368404,112.99805287656214,228.62598328701333,359.56624986549707,183.22162563050318,718.3370312733792,297.1269842202442,94.01295950744291,418.20977037453383,548.901342964824,1.2131841757563685e-16
203,-67.37252754886697,33.169431993684064,112.99805287656214,228.62598328701333,359.566249865497,183.22162563050318,718.3370312733794,297.12698422024414,94.01295950744291,418.2097703745338,548.901342964824,1.3103886770814488e-16
204,-67.37252754886742,33.16943199368424,112.99805287656214,228.62598328701333,359.56624986549707,183.22162563050318,718.3370312733792,297.1269842202442,94.01295950744291,418.2097703745339,548.9013429648242,1.8531694391087229e-16
205,-67.37252754886742,33.16943199368404,112.99805287656214,228.62598328701333,359.566249865497,183.22162563050318,718.3370312733794,297.12698422024414,94.01295950744291,418.20977037453383,548.901342964824,1.642659139290227e-16
206,-67.37252754886742,33.16943199368404,112.99805287656214,228.62598328701333,359.56624986549707,183.22162563050318,718.3370312733792,297.1269842202442,94.01295950744291,418.20977037453383,548.901342964824,1.2131841757563685e-16
207,-67.37252754886697,33.169431993684064,112.99805287656214,228.62598328701333,359.566249865497,183.22162563050318,718.3370312733794,297.12698422024414,94.01295950744291,418.2097703745338,548.901342964824,1.3103886770814488e-16
208,-67.37252754886742,33.16943199368424,112.99805287656214,228.62598328701333,359.56624986549707,183.22162563050318,718.3370312733792,297.1269842202442,94.01295950744291,418.2097703745339,548.9013429648242,1.8531694391087229e-16
209,-67.37252754886742,33.16943199368404,112.99805287656214,228.62598328701333,359.566249865497,183.22162563050318,718.3370312733794,297.12698422024414,94.01295950744291,418.20977037453383,548.901342964824,1.642659139290227e-16
210,-67.37252754886742,33.16943199368404,112.99805287656214,228.62598328701333,359.56624986549707,183.22162563050318,718.3370312733792,297.1269842202442,94.01295950744291,418.20977037453383,548.901342964824,1.2131841757563685e-16
211,-67.37252754886697,33.169431993684064,112.99805287656214,228.62598328701333,359.566249865497,183.22162563050318,718.3370312733794,297.12698422024414,94.01295950744291,418.2097703745338,548.901342964824,1.3103886770814488e-16
212,-67.37252754886742,33.16943199368424,112.99805287656214,228.62598328701333,359.56624986549707,183.22162563050318,718.3370312733792,297.1269842202442,94.01295950744291,418.2097703745339,548.9013429648242,1.8531694391087229e-16
213,-67.37252754886742,33.16943199368404,112.99805287656214,228.62598328701333,359.566249865497,183.22162563050318,718.3370312733794,297.12698422024414,94.01295950744291,418.20977037453383,548.901342964824,1.642659139290227e-16
214,-67.37252754886742,33.16943199368404,112.99805287656214,228.62598328701333,359.56624986549707,183.22162563050318,718.3370312733792,297.1269842202442,94.01295950744291,418.20977037453383,548.901342964824,1.2131841757563685e-16
215,-67.37252754886697,33.169431993684064,112.99805287656214,228.62598328701333,359.566249865497,183.22162563050318,718.3370312733794,297.12698422024414,94.01295950744291,418.2097703745338,548.901342964824,1.3103886770814488e-16
216,-67.37252754886742,33.16943199368424,112.99805287656214,228.62598328701333,359.56624986549707,183.22162563050318,718.3370312733792,297.1269842202442,94.01295950744291,418.2097703745339,548.9013429648242,1.8531694391087229e-16
217,-67.37252754886742,33.16943199368404,112.99805287656214,228.62598328701333,359.566249865497,183.22162563050318,718.3370312733794,297.12698422024414,94.01295950744291,418.20977037453383,548.901342964824,1.642659139290227e-16
218,-67.37252754886742,33.16943199368404,112.99805287656214,228.62598328701333,359.56624986549707,183.22162563050318,718.3370312733792,297.1269842202442,94.01295950744291,418.20977037453383,548.901342964824,1.2131841757563685e-16
219,-67.37252754886697,33.169431993684064,112.99805287656214,228.62598328701333,359.566249865497,183.22162563050318,718.3370312733794,297.12698422024414,94.01295950744291,418.2097703745338,548.901342964824,1.3103886770814488e-16
220,-67.37252754886742,33.16943199368424,112.99805287656214,228.62598328701333,359.56624986549707,183.22162563050318,718.3370312733792,297.1269842202442,94.01295950744291,418.2097703745339,548.9013429648242,1.8531694391087229e-16
221,-67.37252754886742,33.16943199368404,112.99805287656214,228.62598328701333,359.566249865497,183.22162563050318,718.3370312733794,297.12698422024414,94.01295950744291,418.20977037453383,548.901342964824,1.642659139290227e-16
222,-67.37252754886742,33.16943199368404,112.99805287656214,228.62598328701333,359.56624986549707,183.22162563050318,718.3370312733792,297.1269842202442,94.01295950744291,418.20977037453383,548.901342964824,1.2131841757563685e-16
223,-67.37252754886697,33.169431993684064,112.99805287656214,228.62598328701333,359.566249865497,183.22162563050318,718.3370312733794,297.12698422024414,94.01295950744291,418.2097703745338,548.901342964824,1.3103886770814488e-16
224,-67.37252754886742,33.16943199368424,112.99805287656214,228.62598328701333,359.56624986549707,183.22162563050318,718.3370312733792,297.1269842202442,94.01295950744291,418.2097703745339,548.9013429648242,1.8531694391087229e-16
225,-67.37252754886742,33.16943199368404,112.99805287656214,228.62598328701333,359.566249865497,183.22162563050318,718.3370312733794,297.12698422024414,94.01295950744291,418.20977037453383,548.901342964824,1.642659139290227e-16
226,-67.37252754886742,33.16943199368404,112.99805287656214,228.62598328701333,359.56624986549707,183.22162563050318,718.3370312733792,297.1269842202442,94.01295950744291,418.20977037453383,548.901342964824,1.2131841757563685e-16
227,-67.37252754886697,33.169431993684064,112.99805287656214,228.62598328701333,359.566249865497,183.22162563050318,718.3370312733794,297.12698422024414,94.01295950744291,418.2097703745338,548.901342964824,1.3103886770814488e-16
228,-67.37252754886742,33.16943199368424,112.99805287656214,228.62598328701333,359.56624986549707,183.22162563050318,718.3370312733792,297.1269842202442,94.01295950744291,418.2097703745339,548.9013429648242,1.8531694391087229e-16
229,-67.37252754886742,33.16943199368404,112.99805287656214,228.62598328701333,359.566249865497,183.22162563050318,718.3370312733794,297.12698422024414,94.01295950744291,418.20977037453383,548.901342964824,1.642659139290227e-16
230,-67.37252754886742,33.16943199368404,112.99805287656214,228.62598328701333,359.56624986549707,183.22162563050318,718.3370312733792,297.1269842202442,94.01295950744291,418.20977037453383,548.901342964824,1.2131841757563685e-16
231,-67.37252754886697,33.169431993684064,112.99805287656214,228.62598328701333,359.566249865497,183.22162563050318,718.3370312733794,297.12698422024414,94.01295950744291,418.2097703745338,548.901342964824,1.3103886770814488e-16
232,-67.37252754886742,33.16943199368424,112.99805287656214,228.62598328701333,359.56624986549707,183.22162563050318,718.3370312733792,297.1269842202442,94.01295950744291,418.2097703745339,548.9013429648242,1.8531694391087229e-16
233,-67.37252754886742,33.16943199368404,112.99805287656214,228.62598328701333,359.566249865497,183.22162563050318,718.3370312733794,297.12698422024414,94.01295950744291,418.20977037453383,548.901342964824,1.642659139290227e-16
234,-67.37252754886742,33.16943199368404,112.99805287656214,228.62598328701333,359.56624986549707,183.22162563050318,718.3370312733792,297.1269842202442,94.01295950744291,418.20977037453383,548.901342964824,1.2131841757563685e-16
235,-67.37252754886697,33.169431993684064,112.99805287656214,228.62598328701333,359.566249865497,183.22162563050318,718.3370312733794,297.12698422024414,94.01295950744291,418.2097703745338,548.901342964824,1.3103886770814488e-16
236,-67.37252754886742,33.16943199368424,112.99805287656214,228.62598328701333,359.56624986549707,183.22162563050318,718.3370312733792,297.1269842202442,94.01295950744291,418.2097703745339,548.9013429648242,1.8531694391087229e-16
237,-67.37252754886742,33.16943199368404,112.99805287656214,228.62598328701333,359.566249865497,183.22162563050318,718.3370312733794,297.12698422024414,94.01295950744291,418.20977037453383,548.901342964824,1.642659139290227e-16
238,-67.37252754886742,33.16943199368404,112.99805287656214,228.62598328701333,359.56624986549707,183.22162563050318,718.3370312733792,297.1269842202442,94.01295950744291,418.20977037453383,548.901342964824,1.2131841757563685e-16
239,-67.37252754886697,33.169431993684064,112.99805287656214,228.62598328701333,359.566249865497,183.22162563050318,718.3370312733794,297.12698422024414,94.01295950744291,418.2097703745338,548.901342964824,1.3103886770814488e-16
240,-67.37252754886742,33.16943199368424,112.99805287656214,228.62598328701333,359.56624986549707,183.22162563050318,718.3370312733792,297.1269842202442,94.01295950744291,418.2097703745339,548.9013429648242,1.8531694391087229e-16
241,-67.37252754886742,33.16943199368404,112.99805287656214,228.62598328701333,359.566249865497,183.22162563050318,718.3370312733794,297.12698422024414,94.01295950744291,418.20977037453383,548.901342964824,1.642659139290227e-16
242,-67.37252754886742,33.16943199368404,112.99805287656214,228.62598328701333,359.56624986549707,183.22162563050318,718.3370312733792,297.1269842202442,94.01295950744291,418.20977037453383,548.901342964824,1.2131841757563685e-16
243,-67.37252754886697,33.169431993684064,112.99805287656214,228.62598328701333,359.566249865497,183.22162563050318,718.3370312733794,297.12698422024414,94.01295950744291,418.2097703745338,548.901342964824,1.3103886770814488e-16
244,-67.37252754886742,33.16943199368424,112.99805287656214,228.62598328701333,359.56624986549707,183.22162563050318,718.3370312733792,297.1269842202442,94.01295950744291,418.2097703745339,548.9013429648242,1.8531694391087229e-16
245,-67.37252754886742,33.16943199368404,112.99805287656214,228.62598328701333,359.566249865497,183.22162563050318,718.3370312733794,297.12698422024414,94.01295950744291,418.20977037453383,548.901342964824,1.642659139290227e-16
246,-67.37252754886742,33.16943199368404,112.99805287656214,228.62598328701333,359.56624986549707,183.22162563050318,718.3370312733792,297.1269842202442,94.01295950744291,418.20977037453383,548.901342964824,1.2131841757563685e-16
247,-67.37252754886697,33.169431993684064,112.99805287656214,228.62598328701333,359.566249865497,183.22162563050318,718.3370312733794,297.12698422024414,94.01295950744291,418.2097703745338,548.901342964824,1.3103886770814488e-16
248,-67.37252754886742,33.16943199368424,112.99805287656214,228.62598328701333,359.56624986549707,183.22162563050318,718.3370312733792,297.1269842202442,94.01295950744291,418.2097703745339,548.9013429648242,1.8531694391087229e-16
249,-67.37252754886742,33.16943199368404,112.99805287656214,228.62598328701333,359.566249865497,183.22162563050318,718.3370312733794,297.12698422024414,94.01295950744291,418.20977037453383,548.901342964824,1.642659139290227e-16
250,-67.37252754886742,33.16943199368404,112.99805287656214,228.62598328701333,359.56624986549707,183.22162563050318,718.3370312733792,297.1269842202442,94.01295950744291,418.20977037453383,548.901342964824,1.2131841757563685e-16
251,-67.37252754886697,33.169431993684064,112.99805287656214,228.62598328701333,359.566249865497,183.22162563050318,718.3370312733794,297.12698422024414,94.01295950744291,418.2097703745338,548.901342964824,1.3103886770814488e-16
252,-67.37252754886742,33.16943199368424,112.99805287656214,228.62598328701333,359.56624986549707,183.22162563050318,718.3370312733792,297.1269842202442,94.01295950744291,418.2097703745339,548.9013429648242,1.8531694391087229e-16
253,-67.37252754886742,33.16943199368404,112.99805287656214,228.62598328701333,359.566249865497,183.22162563050318,718.3370312733794,297.12698422024414,94.01295950744291,418.20977037453383,548.901342964824,1.642659139290227e-16
254,-67.37252754886742,33.16943199368404,112.99805287656214,228.62598328701333,359.56624986549707,183.22162563050318,718.3370312733792,297.1269842202442,94.01295950744291,418.20977037453383,548.901342964824,1.2131841757563685e-16
255,-67.37252754886697,33.169431993684064,112.99805287656214,228.62598328701333,359.566249865497,183.22162563050318,718.3370312733794,297.12698422024414,94.01295950744291,418.2097703745338,548.901342964824,1.3103886770814488e-16
256,-67.37252754886742,33.16943199368424,112.99805287656214,228.62598328701333,359.56624986549707,183.22162563050318,718.3370312733792,297.1269842202442,94.01295950744291,418.2097703745339,548.9013429648242,1.8531694391087229e-16
257,-67.37252754886742,33.16943199368404,112.99805287656214,228.62598328701333,359.566249865497,183.22162563050318,718.3370312733794,297.12698422024414,94.01295950744291,418.20977037453383,548.901342964824,1.642659139290227e-16
258,-67.37252754886742,33.16943199368404,112.99805287656214,228.62598328701333,359.56624986549707,183.22162563050318,718.3370312733792,297.1269842202442,94.01295950744291,418.20977037453383,548.901342964824,1.2131841757563685e-16
259,-67.37252754886697,33.169431993684064,112.99805287656214,228.62598328701333,359.566249865497,183.22162563050318,718.3370312733794,297.12698422024414,94.01295950744291,418.2097703745338,548.901342964824,1.3103886770814488e-16
260,-67.37252754886742,33.16943199368424,112.99805287656214,228.62598328701333,359.56624986549707,183.22162563050318,718.3370312733792,297.1269842202442,94.01295950744291,418.2097703745339,548.9013429648242,1.8531694391087229e-16
261,-67.37252754886742,33.16943199368404,112.99805287656214,228.62598328701333,359.566249865497,183.22162563050318,718.3370312733794,297.12698422024414,94.01295950744291,418.20977037453383,548.901342964824,1.642659139290227e-16
262,-67.37252754886742,33.16943199368404,112.99805287656214,228.62598328701333,359.56624986549707,183.22162563050318,718.3370312733792,297.1269842202442,94.01295950744291,418.20977037453383,548.901342964824,1.2131841757563685e-16
263,-67.37252754886697,33.169431993684064,112.99805287656214,228.62598328701333,359.566249865497,183.22162563050318,718.3370312733794,297.12698422024414,94.01295950744291,418.2097703745338,548.901342964824,1.3103886770814488e-16
264,-67.37252754886742,33.16943199368424,112.99805287656214,228.62598328701333,359.56624986549707,183.22162563050318,718.3370312733792,297.1269842202442,94.01295950744291,418.2097703745339,548.9013429648242,1.8531694391087229e-16
265,-67.37252754886742,33.16943199368404,112.99805287656214,228.62598328701333,359.566249865497,183.22162563050318,718.3370312733794,297.12698422024414,94.01295950744291,418.20977037453383,548.901342964824,1.642659139290227e-16
266,-67.37252754886742,33.16943199368404,112.99805287656214,228.62598328701333,359.56624986549707,183.22162563050318,718.3370312733792,297.1269842202442,94.01295950744291,418.20977037453383,548.901342964824,1.2131841757563685e-16
267,-67.37252754886697,33.169431993684064,112.99805287656214,228.62598328701333,359.566249865497,183.22162563050318,718.3370312733794,297.12698422024414,94.01295950744291,418.2097703745338,548.901342964824,1.3103886770814488e-16
268,-67.37252754886742,33.16943199368424,112.99805287656214,228.62598328701333,359.56624986549707,183.22162563050318,718.3370312733792,297.1269842202442,94.01295950744291,418.2097703745339,548.9013429648242,1.8531694391087229e-16
269,-67.37252754886742,33.16943199368404,112.99805287656214,228.62598328701333,359.566249865497,183.22162563050318,718.3370312733794,297.12698422024414,94.01295950744291,418.20977037453383,548.901342964824,1.642659139290227e-16
270,-67.37252754886742,33.16943199368404,112.99805287656214,228.62598328701333,359.56624986549707,183.22162563050318,718.3370312733792,297.1269842202442,94.01295950744291,418.20977037453383,548.901342964824,1.2131841757563685e-16
271,-67.37252754886697,33.169431993684064,112.99805287656214,228.62598328701333,359.566249865497,183.22162563050318,718.3370312733794,297.12698422024414,94.01295950744291,418.2097703745338,548.901342964824,1.3103886770814488e-16
272,-67.37252754886742,33.16943199368424,112.99805287656214,228.62598328701333,359.56624986549707,183.22162563050318,718.3370312733792,297.1269842202442,94.01295950744291,418.2097703745339,548.9013429648242,1.8531694391087229e-16
273,-67.37252754886742,33.16943199368404,112.99805287656214,228.62598328701333,359.566249865497,183.22162563050318,718.3370312733794,297.12698422024414,94.01295950744291,418.20977037453383,548.901342964824,1.642659139290227e-16
274,-67.37252754886742,33.16943199368404,112.99805287656214,228.62598328701333,359.56624986549707,183.22162563050318,718.3370312733792,297.1269842202442,94.01295950744291,418.20977037453383,548.901342964824,1.2131841757563685e-16
275,-67.37252754886697,33.169431993684064,112.99805287656214,228.62598328701333,359.566249865497,183.22162563050318,718.3370312733794,297.12698422024414,94.01295950744291,418.2097703745338,548.901342964824,1.3103886770814488e-16
276,-67.37252754886742,33.16943199368424,112.99805287656214,228.62598328701333,359.56624986549707,183.22162563050318,718.3370312733792,297.1269842202442,94.01295950744291,418.2097703745339,548.9013429648242,1.8531694391087229e-16
277,-67.37252754886742,33.16943199368404,112.99805287656214,228.62598328701333,359.566249865497,183.22162563050318,718.3370312733794,297.12698422024414,94.01295950744291,418.20977037453383,548.901342964824,1.642659139290227e-16
278,-67.37252754886742,33.16943199368404,112.99805287656214,228.62598328701333,359.56624986549707,183.22162563050318,718.3370312733792,297.1269842202442,94.01295950744291,418.20977037453383,548.901342964824,1.2131841757563685e-16
279,-67.37252754886697,33.169431993684064,112.99805287656214,228.62598328701333,359.566249865497,183.22162563050318,718.3370312733794,297.12698422024414,94.01295950744291,418.2097703745338,548.901342964824,1.3103886770814488e-16
280,-67.37252754886742,33.16943199368424,112.99805287656214,228.62598328701333,359.56624986549707,183.22162563050318,718.3370312733792,297.1269842202442,94.01295950744291,418.2097703745339,548.9013429648242,1.8531694391087229e-16
281,-67.37252754886742,33.16943199368404,112.99805287656214,228.62598328701333,359.566249865497,183.22162563050318,718.3370312733794,297.12698422024414,94.01295950744291,418.20977037453383,548.901342964824,1.642659139290227e-16
282,-67.37252754886742,33.16943199368404,112.99805287656214,228.62598328701333,359.56624986549707,183.22162563050318,718.3370312733792,297.1269842202442,94.01295950744291,418.20977037453383,548.901342964824,1.2131841757563685e-16
283,-67.37252754886697,33.169431993684064,112.99805287656214,228.62598328701333,359.566249865497,183.22162563050318,718.3370312733794,297.12698422024414,94.01295950744291,418.2097703745338,548.901342964824,1.3103886770814488e-16
284,-67.37252754886742,33.16943199368424,112.99805287656214,228.62598328701333,359.56624986549707,183.22162563050318,718.3370312733792,297.1269842202442,94.01295950744291,418.2097703745339,548.9013429648242,1.8531694391087229e-16
285,-67.37252754886742,33.16943199368404,112.99805287656214,228.62598328701333,359.566249865497,183.22162563050318,718.3370312733794,297.12698422024414,94.01295950744291,418.20977037453383,548.901342964824,1.642659139290227e-16
286,-67.37252754886742,33.16943199368404,112.99805287656214,228.62598328701333,359.56624986549707,183.22162563050318,718.3370312733792,297.1269842202442,94.01295950744291,418.20977037453383,548.901342964824,1.2131841757563685e-16
287,-67.37252754886697,33.169431993684064,112.99805287656214,228.62598328701333,359.566249865497,183.22162563050318,718.3370312733794,297.12698422024414,94.01295950744291,418.2097703745338,548.901342964824,1.3103886770814488e-16
288,-67.37252754886742,33.16943199368424,112.99805287656214,228.62598328701333,359.56624986549707,183.22162563050318,718.3370312733792,297.1269842202442,94.01295950744291,418.2097703745339,548.9013429648242,1.8531694391087229e-16
289,-67.37252754886742,33.16943199368404,112.99805287656214,228.62598328701333,359.566249865497,183.22162563050318,718.3370312733794,297.12698422024414,94.01295950744291,418.20977037453383,548.901342964824,1.642659139290227e-16
290,-67.37252754886742,33.16943199368404,112.99805287656214,228.62598328701333,359.56624986549707,183.22162563050318,718.3370312733792,297.1269842202442,94.01295950744291,418.20977037453383,548.901342964824,1.2131841757563685e-16
291,-67.37252754886697,33.169431993684064,112.99805287656214,228.62598328701333,359.566249865497,183.22162563050318,718.3370312733794,297.12698422024414,94.01295950744291,418.2097703745338,548.901342964824,1.3103886770814488e-16
292,-67.37252754886742,33.16943199368424,112.99805287656214,228.62598328701333,359.56624986549707,183.22162563050318,718.3370312733792,297.1269842202442,94.01295950744291,418.2097703745339,548.9013429648242,1.8531694391087229e-16
293,-67.37252754886742,33.16943199368404,112.99805287656214,228.62598328701333,359.566249865497,183.22162563050318,718.3370312733794,297.12698422024414,94.01295950744291,418.20977037453383,548.901342964824,1.642659139290227e-16
294,-67.37252754886742,33.16943199368404,112.99805287656214,228.62598328701333,359.56624986549707,183.22162563050318,718.3370312733792,297.1269842202442,94.01295950744291,418.20977037453383,548.901342964824,1.2131841757563685e-16
295,-67.37252754886697,33.169431993684064,112.99805287656214,228.62598328701333,359.566249865497,183.22162563050318,718.3370312733794,297.12698422024414,94.01295950744291,418.2097703745338,548.901342964824,1.3103886770814488e-16
296,-67.37252754886742,33.16943199368424,112.99805287656214,228.62598328701333,359.56624986549707,183.22162563050318,718.3370312733792,297.1269842202442,94.01295950744291,418.2097703745339,548.9013429648242,1.8531694391087229e-16
297,-67.37252754886742,33.16943199368404,112.99805287656214,228.62598328701333,359.566249865497,183.22162563050318,718.3370312733794,297.12698422024414,94.01295950744291,418.20977037453383,548.901342964824,1.642659139290227e-16
298,-67.37252754886742,33.16943199368404,112.99805287656214,228.62598328701333,359.56624986549707,183.22162563050318,718.3370312733792,297.1269842202442,94.01295950744291,418.20977037453383,548.901342964824,1.2131841757563685e-16
299,-67.37252754886697,33.169431993684064,112.99805287656214,228.62598328701333,359.566249865497,183.22162563050318,718.3370312733794,297.12698422024414,94.01295950744291,418.2097703745338,548.901342964824,1.3103886770814488e-16
300,-67.37252754886742,33.16943199368424,112.99805287656214,228.62598328701333,359.56624986549707,183.22162563050318,718.3370312733792,297.1269842202442,94.01295950744291,418.2097703745339,548.9013429648242,1.8531694391087229e-16
301,-67.37252754886742,33.16943199368404,112.99805287656214,228.62598328701333,359.566249865497,183.22162563050318,718.3370312733794,297.12698422024414,94.01295950744291,418.20977037453383,548.901342964824,1.642659139290227e-16
302,-67.37252754886742,33.16943199368404,112.99805287656214,228.62598328701333,359.56624986549707,183.22162563050318,718.3370312733792,297.1269842202442,94.01295950744291,418.20977037453383,548.901342964824,1.2131841757563685e-16
303,-67.37252754886697,33.169431993684064,112.99805287656214,228.62598328701333,359.566249865497,183.22162563050318,718.3370312733794,297.12698422024414,94.01295950744291,418.2097703745338,548.901342964824,1.3103886770814488e-16
304,-67.37252754886742,33.16943199368424,112.99805287656214,228.62598328701333,359.56624986549707,183.22162563050318,718.3370312733792,297.1269842202442,94.01295950744291,418.2097703745339,548.9013429648242,1.8531694391087229e-16
305,-67.37252754886742,33.16943199368404,112.99805287656214,228.62598328701333,359.566249865497,183.22162563050318,718.3370312733794,297.12698422024414,94.01295950744291,418.20977037453383,548.901342964824,1.642659139290227e-16
306,-67.37252754886742,33.16943199368404,112.99805287656214,228.62598328701333,359.56624986549707,183.22162563050318,718.3370312733792,297.1269842202442,94.01295950744291,418.20977037453383,548.901342964824,1.2131841757563685e-16
307,-67.37252754886697,33.169431993684064,112.99805287656214,228.62598328701333,359.566249865497,183.22162563050318,718.3370312733794,297.12698422024414,94.01295950744291,418.2097703745338,548.901342964824,1.3103886770814488e-16
308,-67.37252754886742,33.16943199368424,112.99805287656214,228.62598328701333,359.56624986549707,183.22162563050318,718.3370312733792,297.1269842202442,94.01295950744291,418.2097703745339,548.9013429648242,1.8531694391087229e-16
309,-67.37252754886742,33.16943199368404,112.99805287656214,228.62598328701333,359.566249865497,183.22162563050318,718.3370312733794,297.12698422024414,94.01295950744291,418.20977037453383,548.901342964824,1.642659139290227e-16
310,-67.37252754886742,33.16943199368404,112.99805287656214,228.62598328701333,359.56624986549707,183.22162563050318,718.3370312733792,297.1269842202442,94.01295950744291,418.20977037453383,548.901342964824,1.2131841757563685e-16
311,-67.37252754886697,33.169431993684064,112.99805287656214,228.62598328701333,359.566249865497,183.22162563050318,718.3370312733794,297.12698422024414,94.01295950744291,418.2097703745338,548.901342964824,1.3103886770814488e-16
312,-67.37252754886742,33.16943199368424,112.99805287656214,228.62598328701333,359.56624986549707,183.22162563050318,718.3370312733792,297.1269842202442,94.01295950744291,418.2097703745339,548.9013429648242,1.8531694391087229e-16
313,-67.37252754886742,33.16943199368404,112.99805287656214,228.62598328701333,359.566249865497,183.22162563050318,718.3370312733794,297.12698422024414,94.01295950744291,418.20977037453383,548.901342964824,1.642659139290227e-16
314,-67.37252754886742,33.16943199368404,112.99805287656214,228.62598328701333,359.56624986549707,183.22162563050318,718.3370312733792,297.1269842202442,94.01295950744291,418.20977037453383,548.901342964824,1.2131841757563685e-16
315,-67.37252754886697,33.169431993684064,112.99805287656214,228.62598328701333,359.566249865497,183.22162563050318,718.3370312733794,297.12698422024414,94.01295950744291,418.2097703745338,548.901342964824,1.3103886770814488e-16
316,-67.37252754886742,33.16943199368424,112.99805287656214,228.62598328701333,359.56624986549707,183.22162563050318,718.3370312733792,297.1269842202442,94.01295950744291,418.2097703745339,548.9013429648242,1.8531694391087229e-16
317,-67.37252754886742,33.16943199368404,112.99805287656214,228.62598328701333,359.566249865497,183.22162563050318,718.3370312733794,297.12698422024414,94.01295950744291,418.20977037453383,548.901342964824,1.642659139290227e-16
318,-67.37252754886742,33.16943199368404,112.99805287656214,228.62598328701333,359.56624986549707,183.22162563050318,718.3370312733792,297.1269842202442,94.01295950744291,418.20977037453383,548.901342964824,1.2131841757563685e-16
319,-67.37252754886697,33.169431993684064,112.99805287656214,228.62598328701333,359.566249865497,183.22162563050318,718.3370312733794,297.12698422024414,94.01295950744291,418.2097703745338,548.901342964824,1.3103886770814488e-16
320,-67.37252754886742,33.16943199368424,112.99805287656214,228.62598328701333,359.56624986549707,183.22162563050318,718.3370312733792,297.1269842202442,94.01295950744291,418.2097703745339,548.9013429648242,1.8531694391087229e-16
321,-67.37252754886742,33.16943199368404,112.99805287656214,228.62598328701333,359.566249865497,183.22162563050318,718.3370312733794,297.12698422024414,94.01295950744291,418.20977037453383,548.901342964824,1.642659139290227e-16
322,-67.37252754886742,33.16943199368404,112.99805287656214,228.62598328701333,359.56624986549707,183.22162563050318,718.3370312733792,297.1269842202442,94.01295950744291,418.20977037453383,548.901342964824,1.2131841757563685e-16
323,-67.37252754886697,33.169431993684064,112.99805287656214,228.62598328701333,359.566249865497,183.22162563050318,718.3370312733794,297.12698422024414,94.01295950744291,418.2097703745338,548.901342964824,1.3103886770814488e-16
324,-67.37252754886742,33.16943199368424,112.99805287656214,228.62598328701333,359.56624986549707,183.22162563050318,718.3370312733792,297.1269842202442,94.01295950744291,418.2097703745339,548.9013429648242,1.8531694391087229e-16
325,-67.37252754886742,33.16943199368404,112.99805287656214,228.62598328701333,359.566249865497,183.22162563050318,718.3370312733794,297.12698422024414,94.01295950744291,418.20977037453383,548.901342964824,1.642659139290227e-16
326,-67.37252754886742,33.16943199368404,112.99805287656214,228.62598328701333,359.56624986549707,183.22162563050318,718.3370312733792,297.1269842202442,94.01295950744291,418.20977037453383,548.901342964824,1.2131841757563685e-16
327,-67.37252754886697,33.169431993684064,112.99805287656214,228.62598328701333,359.566249865497,183.22162563050318,718.3370312733794,297.12698422024414,94.01295950744291,418.2097703745338,548.901342964824,1.3103886770814488e-16
328,-67.37252754886742,33.16943199368424,112.99805287656214,228.62598328701333,359.56624986549707,183.22162563050318,718.3370312733792,297.1269842202442,94.01295950744291,418.2097703745339,548.9013429648242,1.8531694391087229e-16
329,-67.37252754886742,33.16943199368404,112.99805287656214,228.62598328701333,359.566249865497,183.22162563050318,718.3370312733794,297.12698422024414,94.01295950744291,418.20977037453383,548.901342964824,1.642659139290227e-16
330,-67.37252754886742,33.16943199368404,112.99805287656214,228.62598328701333,359.56624986549707,183.22162563050318,718.3370312733792,297.1269842202442,94.01295950744291,418.20977037453383,548.901342964824,1.2131841757563685e-16
331,-67.37252754886697,33.169431993684064,112.99805287656214,228.62598328701333,359.566249865497,183.22162563050318,718.3370312733794,297.12698422024414,94.01295950744291,418.2097703745338,548.901342964824,1.3103886770814488e-16
332,-67.37252754886742,33.16943199368424,112.99805287656214,228.62598328701333,359.56624986549707,183.22162563050318,718.3370312733792,297.1269842202442,94.01295950744291,418.2097703745339,548.9013429648242,1.8531694391087229e-16
333,-67.37252754886742,33.16943199368404,112.99805287656214,228.62598328701333,359.566249865497,183.22162563050318,718.3370312733794,297.12698422024414,94.01295950744291,418.20977037453383,548.901342964824,1.642659139290227e-16
334,-67.37252754886742,33.16943199368404,112.99805287656214,228.62598328701333,359.56624986549707,183.22162563050318,718.3370312733792,297.1269842202442,94.01295950744291,418.20977037453383,548.901342964824,1.2131841757563685e-16
335,-67.37252754886697,33.169431993684064,112.99805287656214,228.62598328701333,359.566249865497,183.22162563050318,718.3370312733794,297.12698422024414,94.01295950744291,418.2097703745338,548.901342964824,1.3103886770814488e-16
336,-67.37252754886742,33.16943199368424,112.99805287656214,228.62598328701333,359.56624986549707,183.22162563050318,718.3370312733792,297.1269842202442,94.01295950744291,418.2097703745339,548.9013429648242,1.8531694391087229e-16
337,-67.37252754886742,33.16943199368404,112.99805287656214,228.62598328701333,359.566249865497,183.22162563050318,718.3370312733794,297.12698422024414,94.01295950744291,418.20977037453383,548.901342964824,1.642659139290227e-16
338,-67.37252754886742,33.16943199368404,112.99805287656214,228.62598328701333,359.56624986549707,183.22162563050318,718.3370312733792,297.1269842202442,94.01295950744291,418.20977037453383,548.901342964824,1.2131841757563685e-16
339,-67.37252754886697,33.169431993684064,112.99805287656214,228.62598328701333,359.566249865497,183.22162563050318,718.3370312733794,297.12698422024414,94.01295950744291,418.2097703745338,548.901342964824,1.3103886770814488e-16
340,-67.37252754886742,33.16943199368424,112.99805287656214,228.62598328701333,359.56624986549707,183.22162563050318,718.3370312733792,297.1269842202442,94.01295950744291,418.2097703745339,548.9013429648242,1.8531694391087229e-16
341,-67.37252754886742,33.16943199368404,112.99805287656214,228.62598328701333,359.566249865497,183.22162563050318,718.3370312733794,297.12698422024414,94.01295950744291,418.20977037453383,548.901342964824,1.642659139290227e-16
342,-67.37252754886742,33.16943199368404,112.99805287656214,228.62598328701333,359.56624986549707,183.22162563050318,718.3370312733792,297.1269842202442,94.01295950744291,418.20977037453383,548.901342964824,1.2131841757563685e-16
343,-67.37252754886697,33.169431993684064,112.99805287656214,228.62598328701333,359.566249865497,183.22162563050318,718.3370312733794,297.12698422024414,94.01295950744291,418.2097703745338,548.901342964824,1.3103886770814488e-16
344,-67.37252754886742,33.16943199368424,112.99805287656214,228.62598328701333,359.56624986549707,183.22162563050318,718.3370312733792,297.1269842202442,94.01295950744291,418.2097703745339,548.9013429648242,1.8531694391087229e-16
345,-67.37252754886742,33.16943199368404,112.99805287656214,228.62598328701333,359.566249865497,183.22162563050318,718.3370312733794,297.12698422024414,94.01295950744291,418.20977037453383,548.901342964824,1.642659139290227e-16
346,-67.37252754886742,33.16943199368404,112.99805287656214,228.62598328701333,359.56624986549707,183.22162563050318,718.3370312733792,297.1269842202442,94.01295950744291,418.20977037453383,548.901342964824,1.2131841757563685e-16
347,-67.37252754886697,33.169431993684064,112.99805287656214,228.62598328701333,359.566249865497,183.22162563050318,718.3370312733794,297.12698422024414,94.01295950744291,418.2097703745338,548.901342964824,1.3103886770814488e-16
348,-67.37252754886742,33.16943199368424,112.99805287656214,228.62598328701333,359.56624986549707,183.22162563050318,718.3370312733792,297.1269842202442,94.01295950744291,418.2097703745339,548.9013429648242,1.8531694391087229e-16
349,-67.37252754886742,33.16943199368404,112.99805287656214,228.62598328701333,359.566249865497,183.22162563050318,718.3370312733794,297.12698422024414,94.01295950744291,418.20977037453383,548.901342964824,1.642659139290227e-16
350,-67.37252754886742,33.16943199368404,112.99805287656214,228.62598328701333,359.56624986549707,183.22162563050318,718.3370312733792,297.1269842202442,94.01295950744291,418.20977037453383,548.901342964824,1.2131841757563685e-16
351,-67.37252754886697,33.169431993684064,112.99805287656214,228.62598328701333,359.566249865497,183.22162563050318,718.3370312733794,297.12698422024414,94.01295950744291,418.2097703745338,548.901342964824,1.3103886770814488e-16
352,-67.37252754886742,33.16943199368424,112.99805287656214,228.62598328701333,359.56624986549707,183.22162563050318,718.3370312733792,297.1269842202442,94.01295950744291,418.2097703745339,548.9013429648242,1.8531694391087229e-16
353,-67.37252754886742,33.16943199368404,112.99805287656214,228.62598328701333,359.566249865497,183.22162563050318,718.3370312733794,297.12698422024414,94.01295950744291,418.20977037453383,548.901342964824,1.642659139290227e-16
354,-67.37252754886742,33.16943199368404,112.99805287656214,228.62598328701333,359.56624986549707,183.22162563050318,718.3370312733792,297.1269842202442,94.01295950744291,418.20977037453383,548.901342964824,1.2131841757563685e-16
355,-67.37252754886697,33.169431993684064,112.99805287656214,228.62598328701333,359.566249865497,183.22162563050318,718.3370312733794,297.12698422024414,94.01295950744291,418.2097703745338,548.901342964824,1.3103886770814488e-16
356,-67.37252754886742,33.16943199368424,112.99805287656214,228.62598328701333,359.56624986549707,183.22162563050318,718.3370312733792,297.1269842202442,94.01295950744291,418.2097703745339,548.9013429648242,1.8531694391087229e-16
357,-67.37252754886742,33.16943199368404,112.99805287656214,228.62598328701333,359.566249865497,183.22162563050318,718.3370312733794,297.12698422024414,94.01295950744291,418.20977037453383,548.901342964824,1.642659139290227e-16
358,-67.37252754886742,33.16943199368404,112.99805287656214,228.62598328701333,359.56624986549707,183.22162563050318,718.3370312733792,297.1269842202442,94.01295950744291,418.20977037453383,548.901342964824,1.2131841757563685e-16
359,-67.37252754886697,33.169431993684064,112.99805287656214,228.62598328701333,359.566249865497,183.22162563050318,718.3370312733794,297.12698422024414,94.01295950744291,418.2097703745338,548.901342964824,1.3103886770814488e-16
360,-67.37252754886742,33.16943199368424,112.99805287656214,228.62598328701333,359.56624986549707,183.22162563050318,718.3370312733792,297.1269842202442,94.01295950744291,418.2097703745339,548.9013429648242,1.8531694391087229e-16
361,-67.37252754886742,33.16943199368404,112.99805287656214,228.62598328701333,359.566249865497,183.22162563050318,718.3370312733794,297.12698422024414,94.01295950744291,418.20977037453383,548.901342964824,1.642659139290227e-16
362,-67.37252754886742,33.16943199368404,112.99805287656214,228.62598328701333,359.56624986549707,183.22162563050318,718.3370312733792,297.1269842202442,94.01295950744291,418.20977037453383,548.901342964824,1.2131841757563685e-16
363,-67.37252754886697,33.169431993684064,112.99805287656214,228.62598328701333,359.566249865497,183.22162563050318,718.3370312733794,297.12698422024414,94.01295950744291,418.2097703745338,548.901342964824,1.3103886770814488e-16
364,-67.37252754886742,33.16943199368424,112.99805287656214,228.62598328701333,359.56624986549707,183.22162563050318,718.3370312733792,297.1269842202442,94.01295950744291,418.2097703745339,548.9013429648242,1.8531694391087229e-16
365,-67.37252754886742,33.16943199368404,112.99805287656214,228.62598328701333,359.566249865497,183.22162563050318,718.3370312733794,297.12698422024414,94.01295950744291,418.20977037453383,548.901342964824,1.642659139290227e-16
366,-67.37252754886742,33.16943199368404,112.99805287656214,228.62598328701333,359.56624986549707,183.22162563050318,718.3370312733792,297.1269842202442,94.01295950744291,418.20977037453383,548.901342964824,1.2131841757563685e-16
367,-67.37252754886697,33.169431993684064,112.99805287656214,228.62598328701333,359.566249865497,183.22162563050318,718.3370312733794,297.12698422024414,94.01295950744291,418.2097703745338,548.901342964824,1.3103886770814488e-16
368,-67.37252754886742,33.16943199368424,112.99805287656214,228.62598328701333,359.56624986549707,183.22162563050318,718.3370312733792,297.1269842202442,94.01295950744291,418.2097703745339,548.9013429648242,1.8531694391087229e-16
369,-67.37252754886742,33.16943199368404,112.99805287656214,228.62598328701333,359.566249865497,183.22162563050318,718.3370312733794,297.12698422024414,94.01295950744291,418.20977037453383,548.901342964824,1.642659139290227e-16
370,-67.37252754886742,33.16943199368404,112.99805287656214,228.62598328701333,359.56624986549707,183.22162563050318,718.3370312733792,297.1269842202442,94.01295950744291,418.20977037453383,548.901342964824,1.2131841757563685e-16
371,-67.37252754886697,33.169431993684064,112.99805287656214,228.62598328701333,359.566249865497,183.22162563050318,718.3370312733794,297.12698422024414,94.01295950744291,418.2097703745338,548.901342964824,1.3103886770814488e-16
372,-67.37252754886742,33.16943199368424,112.99805287656214,228.62598328701333,359.56624986549707,183.22162563050318,718.3370312733792,297.1269842202442,94.01295950744291,418.2097703745339,548.9013429648242,1.8531694391087229e-16
373,-67.37252754886742,33.16943199368404,112.99805287656214,228.62598328701333,359.566249865497,183.22162563050318,718.3370312733794,297.12698422024414,94.01295950744291,418.20977037453383,548.901342964824,1.642659139290227e-16
374,-67.37252754886742,33.16943199368404,112.99805287656214,228.62598328701333,359.56624986549707,183.22162563050318,718.3370312733792,297.1269842202442,94.01295950744291,418.20977037453383,548.901342964824,1.2131841757563685e-16
375,-67.37252754886697,33.169431993684064,112.99805287656214,228.62598328701333,359.566249865497,183.22162563050318,718.3370312733794,297.12698422024414,94.01295950744291,418.2097703745338,548.901342964824,1.3103886770814488e-16
376,-67.37252754886742,33.16943199368424,112.99805287656214,228.62598328701333,359.56624986549707,183.22162563050318,718.3370312733792,297.1269842202442,94.01295950744291,418.2097703745339,548.9013429648242,1.8531694391087229e-16
377,-67.37252754886742,33.16943199368404,112.99805287656214,228.62598328701333,359.566249865497,183.22162563050318,718.3370312733794,297.12698422024414,94.01295950744291,418.20977037453383,548.901342964824,1.642659139290227e-16
378,-67.37252754886742,33.16943199368404,112.99805287656214,228.62598328701333,359.56624986549707,183.22162563050318,718.3370312733792,297.1269842202442,94.01295950744291,418.20977037453383,548.901342964824,1.2131841757563685e-16
379,-67.37252754886697,33.169431993684064,112.99805287656214,228.62598328701333,359.566249865497,183.22162563050318,718.3370312733794,297.12698422024414,94.01295950744291,418.2097703745338,548.901342964824,1.3103886770814488e-16
380,-67.37252754886742,33.16943199368424,112.99805287656214,228.62598328701333,359.56624986549707,183.22162563050318,718.3370312733792,297.1269842202442,94.01295950744291,418.2097703745339,548.9013429648242,1.8531694391087229e-16
381,-67.37252754886742,33.16943199368404,112.99805287656214,228.62598328701333,359.566249865497,183.22162563050318,718.3370312733794,297.12698422024414,94.01295950744291,418.20977037453383,548.901342964824,1.642659139290227e-16
382,-67.37252754886742,33.16943199368404,112.99805287656214,228.62598328701333,359.56624986549707,183.22162563050318,718.3370312733792,297.1269842202442,94.01295950744291,418.20977037453383,548.901342964824,1.2131841757563685e-16
383,-67.37252754886697,33.169431993684064,112.99805287656214,228.62598328701333,359.566249865497,183.22162563050318,718.3370312733794,297.12698422024414,94.01295950744291,418.2097703745338,548.901342964824,1.3103886770814488e-16
384,-67.37252754886742,33.16943199368424,112.99805287656214,228.62598328701333,359.56624986549707,183.22162563050318,718.3370312733792,297.1269842202442,94.01295950744291,418.2097703745339,548.9013429648242,1.8531694391087229e-16
385,-67.37252754886742,33.16943199368404,112.99805287656214,228.62598328701333,359.566249865497,183.22162563050318,718.3370312733794,297.12698422024414,94.01295950744291,418.20977037453383,548.901342964824,1.642659139290227e-16
386,-67.37252754886742,33.16943199368404,112.99805287656214,228.62598328701333,359.56624986549707,183.22162563050318,718.3370312733792,297.1269842202442,94.01295950744291,418.20977037453383,548.901342964824,1.2131841757563685e-16
387,-67.37252754886697,33.169431993684064,112.99805287656214,228.62598328701333,359.566249865497,183.22162563050318,718.3370312733794,297.12698422024414,94.01295950744291,418.2097703745338,548.901342964824,1.3103886770814488e-16
388,-67.37252754886742,33.16943199368424,112.99805287656214,228.62598328701333,359.56624986549707,183.22162563050318,718.3370312733792,297.1269842202442,94.01295950744291,418.2097703745339,548.9013429648242,1.8531694391087229e-16
389,-67.37252754886742,33.16943199368404,112.99805287656214,228.62598328701333,359.566249865497,183.22162563050318,718.3370312733794,297.12698422024414,94.01295950744291,418.20977037453383,548.901342964824,1.642659139290227e-16
390,-67.37252754886742,33.16943199368404,112.99805287656214,228.62598328701333,359.56624986549707,183.22162563050318,718.3370312733792,297.1269842202442,94.01295950744291,418.20977037453383,548.901342964824,1.2131841757563685e-16
391,-67.37252754886697,33.169431993684064,112.99805287656214,228.62598328701333,359.566249865497,183.22162563050318,718.3370312733794,297.12698422024414,94.01295950744291,418.2097703745338,548.901342964824,1.3103886770814488e-16
392,-67.37252754886742,33.16943199368424,112.99805287656214,228.62598328701333,359.56624986549707,183.22162563050318,718.3370312733792,297.1269842202442,94.01295950744291,418.2097703745339,548.9013429648242,1.8531694391087229e-16
393,-67.37252754886742,33.16943199368404,112.99805287656214,228.62598328701333,359.566249865497,183.22162563050318,718.3370312733794,297.12698422024414,94.01295950744291,418.20977037453383,548.901342964824,1.642659139290227e-16
394,-67.37252754886742,33.16943199368404,112.99805287656214,228.62598328701333,359.56624986549707,183.22162563050318,718.3370312733792,297.1269842202442,94.01295950744291,418.20977037453383,548.901342964824,1.2131841757563685e-16
395,-67.37252754886697,33.169431993684064,112.99805287656214,228.62598328701333,359.566249865497,183.22162563050318,718.3370312733794,297.12698422024414,94.01295950744291,418.2097703745338,548.901342964824,1.3103886770814488e-16
396,-67.37252754886742,33.16943199368424,112.99805287656214,228.62598328701333,359.56624986549707,183.22162563050318,718.3370312733792,297.1269842202442,94.01295950744291,418.2097703745339,548.9013429648242,1.8531694391087229e-16
397,-67.37252754886742,33.16943199368404,112.99805287656214,228.62598328701333,359.566249865497,183.22162563050318,718.3370312733794,297.12698422024414,94.01295950744291,418.20977037453383,548.901342964824,1.642659139290227e-16
398,-67.37252754886742,33.16943199368404,112.99805287656214,228.62598328701333,359.56624986549707,183.22162563050318,718.3370312733792,297.1269842202442,94.01295950744291,418.20977037453383,548.901342964824,1.2131841757563685e-16
399,-67.37252754886697,33.169431993684064,112.99805287656214,228.62598328701333,359.566249865497,183.22162563050318,718.3370312733794,297.12698422024414,94.01295950744291,418.2097703745338,548.901342964824,1.3103886770814488e-16
400,-67.37252754886742,33.16943199368424,112.99805287656214,228.62598328701333,359.56624986549707,183.22162563050318,718.3370312733792,297.1269842202442,94.01295950744291,418.2097703745339,548.9013429648242,1.8531694391087229e-16
401,-67.37252754886742,33.16943199368404,112.99805287656214,228.62598328701333,359.566249865497,183.22162563050318,718.3370312733794,297.12698422024414,94.01295950744291,418.20977037453383,548.901342964824,1.642659139290227e-16
402,-67.37252754886742,33.16943199368404,112.99805287656214,228.62598328701333,359.56624986549707,183.22162563050318,718.3370312733792,297.1269842202442,94.01295950744291,418.20977037453383,548.901342964824,1.2131841757563685e-16
403,-67.37252754886697,33.169431993684064,112.99805287656214,228.62598328701333,359.566249865497,183.22162563050318,718.3370312733794,297.12698422024414,94.01295950744291,418.2097703745338,548.901342964824,1.3103886770814488e-16
404,-67.37252754886742,33.16943199368424,112.99805287656214,228.62598328701333,359.56624986549707,183.22162563050318,718.3370312733792,297.1269842202442,94.01295950744291,418.2097703745339,548.9013429648242,1.8531694391087229e-16
405,-67.37252754886742,33.16943199368404,112.99805287656214,228.62598328701333,359.566249865497,183.22162563050318,718.3370312733794,297.12698422024414,94.01295950744291,418.20977037453383,548.901342964824,1.642659139290227e-16
406,-67.37252754886742,33.16943199368404,112.99805287656214,228.62598328701333,359.56624986549707,183.22162563050318,718.3370312733792,297.1269842202442,94.01295950744291,418.20977037453383,548.901342964824,1.2131841757563685e-16
407,-67.37252754886697,33.169431993684064,112.99805287656214,228.62598328701333,359.566249865497,183.22162563050318,718.3370312733794,297.12698422024414,94.01295950744291,418.2097703745338,548.901342964824,1.3103886770814488e-16
408,-67.37252754886742,33.16943199368424,112.99805287656214,228.62598328701333,359.56624986549707,183.22162563050318,718.3370312733792,297.1269842202442,94.01295950744291,418.2097703745339,548.9013429648242,1.8531694391087229e-16
409,-67.37252754886742,33.16943199368404,112.99805287656214,228.62598328701333,359.566249865497,183.22162563050318,718.3370312733794,297.12698422024414,94.01295950744291,418.20977037453383,548.901342964824,1.642659139290227e-16
410,-67.37252754886742,33.16943199368404,112.99805287656214,228.62598328701333,359.56624986549707,183.22162563050318,718.3370312733792,297.1269842202442,94.01295950744291,418.20977037453383,548.901342964824,1.2131841757563685e-16
411,-67.37252754886697,33.169431993684064,112.99805287656214,228.62598328701333,359.566249865497,183.22162563050318,718.3370312733794,297.12698422024414,94.01295950744291,418.2097703745338,548.901342964824,1.3103886770814488e-16
412,-67.37252754886742,33.16943199368424,112.99805287656214,228.62598328701333,359.56624986549707,183.22162563050318,718.3370312733792,297.1269842202442,94.01295950744291,418.2097703745339,548.9013429648242,1.8531694391087229e-16
413,-67.37252754886742,33.16943199368404,112.99805287656214,228.62598328701333,359.566249865497,183.22162563050318,718.3370312733794,297.12698422024414,94.01295950744291,418.20977037453383,548.901342964824,1.642659139290227e-16
414,-67.37252754886742,33.16943199368404,112.99805287656214,228.62598328701333,359.56624986549707,183.22162563050318,718.3370312733792,297.1269842202442,94.01295950744291,418.20977037453383,548.901342964824,1.2131841757563685e-16
415,-67.37252754886697,33.169431993684064,112.99805287656214,228.62598328701333,359.566249865497,183.22162563050318,718.3370312733794,297.12698422024414,94.01295950744291,418.2097703745338,548.901342964824,1.3103886770814488e-16
416,-67.37252754886742,33.16943199368424,112.99805287656214,228.62598328701333,359.56624986549707,183.22162563050318,718.3370312733792,297.1269842202442,94.01295950744291,418.2097703745339,548.9013429648242,1.8531694391087229e-16
417,-67.37252754886742,33.16943199368404,112.99805287656214,228.62598328701333,359.566249865497,183.22162563050318,718.3370312733794,297.12698422024414,94.01295950744291,418.20977037453383,548.901342964824,1.642659139290227e-16
418,-67.37252754886742,33.16943199368404,112.99805287656214,228.62598328701333,359.56624986549707,183.22162563050318,718.3370312733792,297.1269842202442,94.01295950744291,418.20977037453383,548.901342964824,1.2131841757563685e-16
419,-67.37252754886697,33.169431993684064,112.99805287656214,228.62598328701333,359.566249865497,183.22162563050318,718.3370312733794,297.12698422024414,94.01295950744291,418.2097703745338,548.901342964824,1.3103886770814488e-16
420,-67.37252754886742,33.16943199368424,112.99805287656214,228.62598328701333,359.56624986549707,183.22162563050318,718.3370312733792,297.1269842202442,94.01295950744291,418.2097703745339,548.9013429648242,1.8531694391087229e-16
421,-67.37252754886742,33.16943199368404,112.99805287656214,228.62598328701333,359.566249865497,183.22162563050318,718.3370312733794,297.12698422024414,94.01295950744291,418.20977037453383,548.901342964824,1.642659139290227e-16
422,-67.37252754886742,33.16943199368404,112.99805287656214,228.62598328701333,359.56624986549707,183.22162563050318,718.3370312733792,297.1269842202442,94.01295950744291,418.20977037453383,548.901342964824,1.2131841757563685e-16
423,-67.37252754886697,33.169431993684064,112.99805287656214,228.62598328701333,359.566249865497,183.22162563050318,718.3370312733794,297.12698422024414,94.01295950744291,418.2097703745338,548.901342964824,1.3103886770814488e-16
424,-67.37252754886742,33.16943199368424,112.99805287656214,228.62598328701333,359.56624986549707,183.22162563050318,718.3370312733792,297.1269842202442,94.01295950744291,418.2097703745339,548.9013429648242,1.8531694391087229e-16
425,-67.37252754886742,33.16943199368404,112.99805287656214,228.62598328701333,359.566249865497,183.22162563050318,718.3370312733794,297.12698422024414,94.01295950744291,418.20977037453383,548.901342964824,1.642659139290227e-16
426,-67.37252754886742,33.16943199368404,112.99805287656214,228.62598328701333,359.56624986549707,183.22162563050318,718.3370312733792,297.1269842202442,94.01295950744291,418.20977037453383,548.901342964824,1.2131841757563685e-16
427,-67.37252754886697,33.169431993684064,112.99805287656214,228.62598328701333,359.566249865497,183.22162563050318,718.3370312733794,297.12698422024414,94.01295950744291,418.2097703745338,548.901342964824,1.3103886770814488e-16
428,-67.37252754886742,33.16943199368424,112.99805287656214,228.62598328701333,359.56624986549707,183.22162563050318,718.3370312733792,297.1269842202442,94.01295950744291,418.2097703745339,548.9013429648242,1.8531694391087229e-16
429,-67.37252754886742,33.16943199368404,112.99805287656214,228.62598328701333,359.566249865497,183.22162563050318,718.3370312733794,297.12698422024414,94.01295950744291,418.20977037453383,548.901342964824,1.642659139290227e-16
430,-67.37252754886742,33.16943199368404,112.99805287656214,228.62598328701333,359.56624986549707,183.22162563050318,718.3370312733792,297.1269842202442,94.01295950744291,418.20977037453383,548.901342964824,1.2131841757563685e-16
431,-67.37252754886697,33.169431993684064,112.99805287656214,228.62598328701333,359.566249865497,183.22162563050318,718.3370312733794,297.12698422024414,94.01295950744291,418.2097703745338,548.901342964824,1.3103886770814488e-16
432,-67.37252754886742,33.16943199368424,112.99805287656214,228.62598328701333,359.56624986549707,183.22162563050318,718.3370312733792,297.1269842202442,94.01295950744291,418.2097703745339,548.9013429648242,1.8531694391087229e-16
433,-67.37252754886742,33.16943199368404,112.99805287656214,228.62598328701333,359.566249865497,183.22162563050318,718.3370312733794,297.12698422024414,94.01295950744291,418.20977037453383,548.901342964824,1.642659139290227e-16
434,-67.37252754886742,33.16943199368404,112.99805287656214,228.62598328701333,359.56624986549707,183.22162563050318,718.3370312733792,297.1269842202442,94.01295950744291,418.20977037453383,548.901342964824,1.2131841757563685e-16
435,-67.37252754886697,33.169431993684064,112.99805287656214,228.62598328701333,359.566249865497,183.22162563050318,718.3370312733794,297.12698422024414,94.01295950744291,418.2097703745338,548.901342964824,1.3103886770814488e-16
436,-67.37252754886742,33.16943199368424,112.99805287656214,228.62598328701333,359.56624986549707,183.22162563050318,718.3370312733792,297.1269842202442,94.01295950744291,418.2097703745339,548.9013429648242,1.8531694391087229e-16
437,-67.37252754886742,33.16943199368404,112.99805287656214,228.62598328701333,359.566249865497,183.22162563050318,718.3370312733794,297.12698422024414,94.01295950744291,418.20977037453383,548.901342964824,1.642659139290227e-16
438,-67.37252754886742,33.16943199368404,112.99805287656214,228.62598328701333,359.56624986549707,183.22162563050318,718.3370312733792,297.1269842202442,94.01295950744291,418.20977037453383,548.901342964824,1.2131841757563685e-16
439,-67.37252754886697,33.169431993684064,112.99805287656214,228.62598328701333,359.566249865497,183.22162563050318,718.3370312733794,297.12698422024414,94.01295950744291,418.2097703745338,548.901342964824,1.3103886770814488e-16
440,-67.37252754886742,33.16943199368424,112.99805287656214,228.62598328701333,359.56624986549707,183.22162563050318,718.3370312733792,297.1269842202442,94.01295950744291,418.2097703745339,548.9013429648242,1.8531694391087229e-16
441,-67.37252754886742,33.16943199368404,112.99805287656214,228.62598328701333,359.566249865497,183.22162563050318,718.3370312733794,297.12698422024414,94.01295950744291,418.20977037453383,548.901342964824,1.642659139290227e-16
442,-67.37252754886742,33.16943199368404,112.99805287656214,228.62598328701333,359.56624986549707,183.22162563050318,718.3370312733792,297.1269842202442,94.01295950744291,418.20977037453383,548.901342964824,1.2131841757563685e-16
443,-67.37252754886697,33.169431993684064,112.99805287656214,228.62598328701333,359.566249865497,183.22162563050318,718.3370312733794,297.12698422024414,94.01295950744291,418.2097703745338,548.901342964824,1.3103886770814488e-16
444,-67.37252754886742,33.16943199368424,112.99805287656214,228.62598328701333,359.56624986549707,183.22162563050318,718.3370312733792,297.1269842202442,94.01295950744291,418.2097703745339,548.9013429648242,1.8531694391087229e-16
445,-67.37252754886742,33.16943199368404,112.99805287656214,228.62598328701333,359.566249865497,183.22162563050318,718.3370312733794,297.12698422024414,94.01295950744291,418.20977037453383,548.901342964824,1.642659139290227e-16
446,-67.37252754886742,33.16943199368404,112.99805287656214,228.62598328701333,359.56624986549707,183.22162563050318,718.3370312733792,297.1269842202442,94.01295950744291,418.20977037453383,548.901342964824,1.2131841757563685e-16
447,-67.37252754886697,33.169431993684064,112.99805287656214,228.62598328701333,359.566249865497,183.22162563050318,718.3370312733794,297.12698422024414,94.01295950744291,418.2097703745338,548.901342964824,1.3103886770814488e-16
448,-67.37252754886742,33.16943199368424,112.99805287656214,228.62598328701333,359.56624986549707,183.22162563050318,718.3370312733792,297.1269842202442,94.01295950744291,418.2097703745339,548.9013429648242,1.8531694391087229e-16
449,-67.37252754886742,33.16943199368404,112.99805287656214,228.62598328701333,359.566249865497,183.22162563050318,718.3370312733794,297.12698422024414,94.01295950744291,418.20977037453383,548.901342964824,1.642659139290227e-16
450,-67.37252754886742,33.16943199368404,112.99805287656214,228.62598328701333,359.56624986549707,183.22162563050318,718.3370312733792,297.1269842202442,94.01295950744291,418.20977037453383,548.901342964824,1.2131841757563685e-16
451,-67.37252754886697,33.169431993684064,112.99805287656214,228.62598328701333,359.566249865497,183.22162563050318,718.3370312733794,297.12698422024414,94.01295950744291,418.2097703745338,548.901342964824,1.3103886770814488e-16
452,-67.37252754886742,33.16943199368424,112.99805287656214,228.62598328701333,359.56624986549707,183.22162563050318,718.3370312733792,297.1269842202442,94.01295950744291,418.2097703745339,548.9013429648242,1.8531694391087229e-16
453,-67.37252754886742,33.16943199368404,112.99805287656214,228.62598328701333,359.566249865497,183.22162563050318,718.3370312733794,297.12698422024414,94.01295950744291,418.20977037453383,548.901342964824,1.642659139290227e-16
454,-67.37252754886742,33.16943199368404,112.99805287656214,228.62598328701333,359.56624986549707,183.22162563050318,718.3370312733792,297.1269842202442,94.01295950744291,418.20977037453383,548.901342964824,1.2131841757563685e-16
455,-67.37252754886697,33.169431993684064,112.99805287656214,228.62598328701333,359.566249865497,183.22162563050318,718.3370312733794,297.12698422024414,94.01295950744291,418.2097703745338,548.901342964824,1.3103886770814488e-16
456,-67.37252754886742,33.16943199368424,112.99805287656214,228.62598328701333,359.56624986549707,183.22162563050318,718.3370312733792,297.1269842202442,94.01295950744291,418.2097703745339,548.9013429648242,1.8531694391087229e-16
457,-67.37252754886742,33.16943199368404,112.99805287656214,228.62598328701333,359.566249865497,183.22162563050318,718.3370312733794,297.12698422024414,94.01295950744291,418.20977037453383,548.901342964824,1.642659139290227e-16
458,-67.37252754886742,33.16943199368404,112.99805287656214,228.62598328701333,359.56624986549707,183.22162563050318,718.3370312733792,297.1269842202442,94.01295950744291,418.20977037453383,548.901342964824,1.2131841757563685e-16
459,-67.37252754886697,33.169431993684064,112.99805287656214,228.62598328701333,359.566249865497,183.22162563050318,718.3370312733794,297.12698422024414,94.01295950744291,418.2097703745338,548.901342964824,1.3103886770814488e-16
460,-67.37252754886742,33.16943199368424,112.99805287656214,228.62598328701333,359.56624986549707,183.22162563050318,718.3370312733792,297.1269842202442,94.01295950744291,418.2097703745339,548.9013429648242,1.8531694391087229e-16
461,-67.37252754886742,33.16943199368404,112.99805287656214,228.62598328701333,359.566249865497,183.22162563050318,718.3370312733794,297.12698422024414,94.01295950744291,418.20977037453383,548.901342964824,1.642659139290227e-16
462,-67.37252754886742,33.16943199368404,112.99805287656214,228.62598328701333,359.56624986549707,183.22162563050318,718.3370312733792,297.1269842202442,94.01295950744291,418.20977037453383,548.901342964824,1.2131841757563685e-16
463,-67.37252754886697,33.169431993684064,112.99805287656214,228.62598328701333,359.566249865497,183.22162563050318,718.3370312733794,297.12698422024414,94.01295950744291,418.2097703745338,548.901342964824,1.3103886770814488e-16
464,-67.37252754886742,33.16943199368424,112.99805287656214,228.62598328701333,359.56624986549707,183.22162563050318,718.3370312733792,297.1269842202442,94.01295950744291,418.2097703745339,548.9013429648242,1.8531694391087229e-16
465,-67.37252754886742,33.16943199368404,112.99805287656214,228.62598328701333,359.566249865497,183.22162563050318,718.3370312733794,297.12698422024414,94.01295950744291,418.20977037453383,548.901342964824,1.642659139290227e-16
466,-67.37252754886742,33.16943199368404,112.99805287656214,228.62598328701333,359.56624986549707,183.22162563050318,718.3370312733792,297.1269842202442,94.01295950744291,418.20977037453383,548.901342964824,1.2131841757563685e-16
467,-67.37252754886697,33.169431993684064,112.99805287656214,228.62598328701333,359.566249865497,183.22162563050318,718.3370312733794,297.12698422024414,94.01295950744291,418.2097703745338,548.901342964824,1.3103886770814488e-16
468,-67.37252754886742,33.16943199368424,112.99805287656214,228.62598328701333,359.56624986549707,183.22162563050318,718.3370312733792,297.1269842202442,94.01295950744291,418.2097703745339,548.9013429648242,1.8531694391087229e-16
469,-67.37252754886742,33.16943199368404,112.99805287656214,228.62598328701333,359.566249865497,183.22162563050318,718.3370312733794,297.12698422024414,94.01295950744291,418.20977037453383,548.901342964824,1.642659139290227e-16
470,-67.37252754886742,33.16943199368404,112.99805287656214,228.62598328701333,359.56624986549707,183.22162563050318,718.3370312733792,297.1269842202442,94.01295950744291,418.20977037453383,548.901342964824,1.2131841757563685e-16
471,-67.37252754886697,33.169431993684064,112.99805287656214,228.62598328701333,359.566249865497,183.22162563050318,718.3370312733794,297.12698422024414,94.01295950744291,418.2097703745338,548.901342964824,1.3103886770814488e-16
472,-67.37252754886742,33.16943199368424,112.99805287656214,228.62598328701333,359.56624986549707,183.22162563050318,718.3370312733792,297.1269842202442,94.01295950744291,418.2097703745339,548.9013429648242,1.8531694391087229e-16
473,-67.37252754886742,33.16943199368404,112.99805287656214,228.62598328701333,359.566249865497,183.22162563050318,718.3370312733794,297.12698422024414,94.01295950744291,418.20977037453383,548.901342964824,1.642659139290227e-16
474,-67.37252754886742,33.16943199368404,112.99805287656214,228.62598328701333,359.56624986549707,183.22162563050318,718.3370312733792,297.1269842202442,94.01295950744291,418.20977037453383,548.901342964824,1.2131841757563685e-16
475,-67.37252754886697,33.169431993684064,112.99805287656214,228.62598328701333,359.566249865497,183.22162563050318,718.3370312733794,297.12698422024414,94.01295950744291,418.2097703745338,548.901342964824,1.3103886770814488e-16
476,-67.37252754886742,33.16943199368424,112.99805287656214,228.62598328701333,359.56624986549707,183.22162563050318,718.3370312733792,297.1269842202442,94.01295950744291,418.2097703745339,548.9013429648242,1.8531694391087229e-16
477,-67.37252754886742,33.16943199368404,112.99805287656214,228.62598328701333,359.566249865497,183.22162563050318,718.3370312733794,297.12698422024414,94.01295950744291,418.20977037453383,548.901342964824,1.642659139290227e-16
478,-67.37252754886742,33.16943199368404,112.99805287656214,228.62598328701333,359.56624986549707,183.22162563050318,718.3370312733792,297.1269842202442,94.01295950744291,418.20977037453383,548.901342964824,1.2131841757563685e-16
479,-67.37252754886697,33.169431993684064,112.99805287656214,228.62598328701333,359.566249865497,183.22162563050318,718.3370312733794,297.12698422024414,94.01295950744291,418.2097703745338,548.901342964824,1.3103886770814488e-16
480,-67.37252754886742,33.16943199368424,112.99805287656214,228.62598328701333,359.56624986549707,183.22162563050318,718.3370312733792,297.1269842202442,94.01295950744291,418.2097703745339,548.9013429648242,1.8531694391087229e-16
481,-67.37252754886742,33.16943199368404,112.99805287656214,228.62598328701333,359.566249865497,183.22162563050318,718.3370312733794,297.12698422024414,94.01295950744291,418.20977037453383,548.901342964824,1.642659139290227e-16
482,-67.37252754886742,33.16943199368404,112.99805287656214,228.62598328701333,359.56624986549707,183.22162563050318,718.3370312733792,297.1269842202442,94.01295950744291,418.20977037453383,548.901342964824,1.2131841757563685e-16
483,-67.37252754886697,33.169431993684064,112.99805287656214,228.62598328701333,359.566249865497,183.22162563050318,718.3370312733794,297.12698422024414,94.01295950744291,418.2097703745338,548.901342964824,1.3103886770814488e-16
484,-67.37252754886742,33.16943199368424,112.99805287656214,228.62598328701333,359.56624986549707,183.22162563050318,718.3370312733792,297.1269842202442,94.01295950744291,418.2097703745339,548.9013429648242,1.8531694391087229e-16
485,-67.37252754886742,33.16943199368404,112.99805287656214,228.62598328701333,359.566249865497,183.22162563050318,718.3370312733794,297.12698422024414,94.01295950744291,418.20977037453383,548.901342964824,1.642659139290227e-16
486,-67.37252754886742,33.16943199368404,112.99805287656214,228.62598328701333,359.56624986549707,183.22162563050318,718.3370312733792,297.1269842202442,94.01295950744291,418.20977037453383,548.901342964824,1.2131841757563685e-16
487,-67.37252754886697,33.169431993684064,112.99805287656214,228.62598328701333,359.566249865497,183.22162563050318,718.3370312733794,297.12698422024414,94.01295950744291,418.2097703745338,548.901342964824,1.3103886770814488e-16
488,-67.37252754886742,33.16943199368424,112.99805287656214,228.62598328701333,359.56624986549707,183.22162563050318,718.3370312733792,297.1269842202442,94.01295950744291,418.2097703745339,548.9013429648242,1.8531694391087229e-16
489,-67.37252754886742,33.16943199368404,112.99805287656214,228.62598328701333,359.566249865497,183.22162563050318,718.3370312733794,297.12698422024414,94.01295950744291,418.20977037453383,548.901342964824,1.642659139290227e-16
490,-67.37252754886742,33.16943199368404,112.99805287656214,228.62598328701333,359.56624986549707,183.22162563050318,718.3370312733792,297.1269842202442,94.01295950744291,418.20977037453383,548.901342964824,1.2131841757563685e-16
491,-67.37252754886697,33.169431993684064,112.99805287656214,228.62598328701333,359.566249865497,183.22162563050318,718.3370312733794,297.12698422024414,94.01295950744291,418.2097703745338,548.901342964824,1.3103886770814488e-16
492,-67.37252754886742,33.16943199368424,112.99805287656214,228.62598328701333,359.56624986549707,183.22162563050318,718.3370312733792,297.1269842202442,94.01295950744291,418.2097703745339,548.9013429648242,1.8531694391087229e-16
493,-67.37252754886742,33.16943199368404,112.99805287656214,228.62598328701333,359.566249865497,183.22162563050318,718.3370312733794,297.12698422024414,94.01295950744291,418.20977037453383,548.901342964824,1.642659139290227e-16
494,-67.37252754886742,33.16943199368404,112.99805287656214,228.62598328701333,359.56624986549707,183.22162563050318,718.3370312733792,297.1269842202442,94.01295950744291,418.20977037453383,548.901342964824,1.2131841757563685e-16
495,-67.37252754886697,33.169431993684064,112.99805287656214,228.62598328701333,359.566249865497,183.22162563050318,718.3370312733794,297.12698422024414,94.01295950744291,418.2097703745338,548.901342964824,1.3103886770814488e-16
496,-67.37252754886742,33.16943199368424,112.99805287656214,228.62598328701333,359.56624986549707,183.22162563050318,718.3370312733792,297.1269842202442,94.01295950744291,418.2097703745339,548.9013429648242,1.8531694391087229e-16
497,-67.37252754886742,33.16943199368404,112.99805287656214,228.62598328701333,359.566249865497,183.22162563050318,718.3370312733794,297.12698422024414,94.01295950744291,418.20977037453383,548.901342964824,1.642659139290227e-16
498,-67.37252754886742,33.16943199368404,112.99805287656214,228.62598328701333,359.56624986549707,183.22162563050318,718.3370312733792,297.1269842202442,94.01295950744291,418.20977037453383,548.901342964824,1.2131841757563685e-16
499,-67.37252754886697,33.169431993684064,112.99805287656214,228.62598328701333,359.566249865497,183.22162563050318,718.3370312733794,297.12698422024414,94.01295950744291,418.2097703745338,548.901342964824,1.3103886770814488e-16
500,-67.37252754886742,33.16943199368424,112.99805287656214,228.62598328701333,359.56624986549707,183.22162563050318,718.3370312733792,297.1269842202442,94.01295950744291,418.2097703745339,548.9013429648242,1.8531694391087229e-16
501,-67.37252754886742,33.16943199368404,112.99805287656214,228.62598328701333,359.566249865497,183.22162563050318,718.3370312733794,297.12698422024414,94.01295950744291,418.20977037453383,548.901342964824,1.642659139290227e-16
502,-67.37252754886742,33.16943199368404,112.99805287656214,228.62598328701333,359.56624986549707,183.22162563050318,718.3370312733792,297.1269842202442,94.01295950744291,418.20977037453383,548.901342964824,1.2131841757563685e-16
503,-67.37252754886697,33.169431993684064,112.99805287656214,228.62598328701333,359.566249865497,183.22162563050318,718.3370312733794,297.12698422024414,94.01295950744291,418.2097703745338,548.901342964824,1.3103886770814488e-16
504,-67.37252754886742,33.16943199368424,112.99805287656214,228.62598328701333,359.56624986549707,183.22162563050318,718.3370312733792,297.1269842202442,94.01295950744291,418.2097703745339,548.9013429648242,1.8531694391087229e-16
505,-67.37252754886742,33.16943199368404,112.99805287656214,228.62598328701333,359.566249865497,183.22162563050318,718.3370312733794,297.12698422024414,94.01295950744291,418.20977037453383,548.901342964824,1.642659139290227e-16
506,-67.37252754886742,33.16943199368404,112.99805287656214,228.62598328701333,359.56624986549707,183.22162563050318,718.3370312733792,297.1269842202442,94.01295950744291,418.20977037453383,548.901342964824,1.2131841757563685e-16
507,-67.37252754886697,33.169431993684064,112.99805287656214,228.62598328701333,359.566249865497,183.22162563050318,718.3370312733794,297.12698422024414,94.01295950744291,418.2097703745338,548.901342964824,1.3103886770814488e-16
508,-67.37252754886742,33.16943199368424,112.99805287656214,228.62598328701333,359.56624986549707,183.22162563050318,718.3370312733792,297.1269842202442,94.01295950744291,418.2097703745339,548.9013429648242,1.8531694391087229e-16
509,-67.37252754886742,33.16943199368404,112.99805287656214,228.62598328701333,359.566249865497,183.22162563050318,718.3370312733794,297.12698422024414,94.01295950744291,418.20977037453383,548.901342964824,1.642659139290227e-16
510,-67.37252754886742,33.16943199368404,112.99805287656214,228.62598328701333,359.56624986549707,183.22162563050318,718.3370312733792,297.1269842202442,94.01295950744291,418.20977037453383,548.901342964824,1.2131841757563685e-16
511,-67.37252754886697,33.169431993684064,112.99805287656214,228.62598328701333,359.566249865497,183.22162563050318,718.3370312733794,297.12698422024414,94.01295950744291,418.2097703745338,548.901342964824,1.3103886770814488e-16
512,-67.37252754886742,33.16943199368424,112.99805287656214,228.62598328701333,359.56624986549707,183.22162563050318,718.3370312733792,297.1269842202442,94.01295950744291,418.2097703745339,548.9013429648242,1.8531694391087229e-16
513,-67.37252754886742,33.16943199368404,112.99805287656214,228.62598328701333,359.566249865497,183.22162563050318,718.3370312733794,297.12698422024414,94.01295950744291,418.20977037453383,548.901342964824,1.642659139290227e-16
514,-67.37252754886742,33.16943199368404,112.99805287656214,228.62598328701333,359.56624986549707,183.22162563050318,718.3370312733792,297.1269842202442,94.01295950744291,418.20977037453383,548.901342964824,1.2131841757563685e-16
515,-67.37252754886697,33.169431993684064,112.99805287656214,228.62598328701333,359.566249865497,183.22162563050318,718.3370312733794,297.12698422024414,94.01295950744291,418.2097703745338,548.901342964824,1.3103886770814488e-16
516,-67.37252754886742,33.16943199368424,112.99805287656214,228.62598328701333,359.56624986549707,183.22162563050318,718.3370312733792,297.1269842202442,94.01295950744291,418.2097703745339,548.9013429648242,1.8531694391087229e-16
517,-67.37252754886742,33.16943199368404,112.99805287656214,228.62598328701333,359.566249865497,183.22162563050318,718.3370312733794,297.12698422024414,94.01295950744291,418.20977037453383,548.901342964824,1.642659139290227e-16
518,-67.37252754886742,33.16943199368404,112.99805287656214,228.62598328701333,359.56624986549707,183.22162563050318,718.3370312733792,297.1269842202442,94.01295950744291,418.20977037453383,548.901342964824,1.2131841757563685e-16
519,-67.37252754886697,33.169431993684064,112.99805287656214,228.62598328701333,359.566249865497,183.22162563050318,718.3370312733794,297.12698422024414,94.01295950744291,418.2097703745338,548.901342964824,1.3103886770814488e-16
520,-67.37252754886742,33.16943199368424,112.99805287656214,228.62598328701333,359.56624986549707,183.22162563050318,718.3370312733792,297.1269842202442,94.01295950744291,418.2097703745339,548.9013429648242,1.8531694391087229e-16
521,-67.37252754886742,33.16943199368404,112.99805287656214,228.62598328701333,359.566249865497,183.22162563050318,718.3370312733794,297.12698422024414,94.01295950744291,418.20977037453383,548.901342964824,1.642659139290227e-16
522,-67.37252754886742,33.16943199368404,112.99805287656214,228.62598328701333,359.56624986549707,183.22162563050318,718.3370312733792,297.1269842202442,94.01295950744291,418.20977037453383,548.901342964824,1.2131841757563685e-16
523,-67.37252754886697,33.169431993684064,112.99805287656214,228.62598328701333,359.566249865497,183.22162563050318,718.3370312733794,297.12698422024414,94.01295950744291,418.2097703745338,548.901342964824,1.3103886770814488e-16
524,-67.37252754886742,33.16943199368424,112.99805287656214,228.62598328701333,359.56624986549707,183.22162563050318,718.3370312733792,297.1269842202442,94.01295950744291,418.2097703745339,548.9013429648242,1.8531694391087229e-16
525,-67.37252754886742,33.16943199368404,112.99805287656214,228.62598328701333,359.566249865497,183.22162563050318,718.3370312733794,297.12698422024414,94.01295950744291,418.20977037453383,548.901342964824,1.642659139290227e-16
526,-67.37252754886742,33.16943199368404,112.99805287656214,228.62598328701333,359.56624986549707,183.22162563050318,718.3370312733792,297.1269842202442,94.01295950744291,418.20977037453383,548.901342964824,1.2131841757563685e-16
527,-67.37252754886697,33.169431993684064,112.99805287656214,228.62598328701333,359.566249865497,183.22162563050318,718.3370312733794,297.12698422024414,94.01295950744291,418.2097703745338,548.901342964824,1.3103886770814488e-16
528,-67.37252754886742,33.16943199368424,112.99805287656214,228.62598328701333,359.56624986549707,183.22162563050318,718.3370312733792,297.1269842202442,94.01295950744291,418.2097703745339,548.9013429648242,1.8531694391087229e-16
529,-67.37252754886742,33.16943199368404,112.99805287656214,228.62598328701333,359.566249865497,183.22162563050318,718.3370312733794,297.12698422024414,94.01295950744291,418.20977037453383,548.901342964824,1.642659139290227e-16
530,-67.37252754886742,33.16943199368404,112.99805287656214,228.62598328701333,359.56624986549707,183.22162563050318,718.3370312733792,297.1269842202442,94.01295950744291,418.20977037453383,548.901342964824,1.2131841757563685e-16
531,-67.37252754886697,33.169431993684064,112.99805287656214,228.62598328701333,359.566249865497,183.22162563050318,718.3370312733794,297.12698422024414,94.01295950744291,418.2097703745338,548.901342964824,1.3103886770814488e-16
532,-67.37252754886742,33.16943199368424,112.99805287656214,228.62598328701333,359.56624986549707,183.22162563050318,718.3370312733792,297.1269842202442,94.01295950744291,418.2097703745339,548.9013429648242,1.8531694391087229e-16
533,-67.37252754886742,33.16943199368404,112.99805287656214,228.62598328701333,359.566249865497,183.22162563050318,718.3370312733794,297.12698422024414,94.01295950744291,418.20977037453383,548.901342964824,1.642659139290227e-16
534,-67.37252754886742,33.16943199368404,112.99805287656214,228.62598328701333,359.56624986549707,183.22162563050318,718.3370312733792,297.1269842202442,94.01295950744291,418.20977037453383,548.901342964824,1.2131841757563685e-16
535,-67.37252754886697,33.169431993684064,112.99805287656214,228.62598328701333,359.566249865497,183.22162563050318,718.3370312733794,297.12698422024414,94.01295950744291,418.2097703745338,548.901342964824,1.3103886770814488e-16
536,-67.37252754886742,33.16943199368424,112.99805287656214,228.62598328701333,359.56624986549707,183.22162563050318,718.3370312733792,297.1269842202442,94.01295950744291,418.2097703745339,548.9013429648242,1.8531694391087229e-16
537,-67.37252754886742,33.16943199368404,112.99805287656214,228.62598328701333,359.566249865497,183.22162563050318,718.3370312733794,297.12698422024414,94.01295950744291,418.20977037453383,548.901342964824,1.642659139290227e-16
538,-67.37252754886742,33.16943199368404,112.99805287656214,228.62598328701333,359.56624986549707,183.22162563050318,718.3370312733792,297.1269842202442,94.01295950744291,418.20977037453383,548.901342964824,1.2131841757563685e-16
539,-67.37252754886697,33.169431993684064,112.99805287656214,228.62598328701333,359.566249865497,183.22162563050318,718.3370312733794,297.12698422024414,94.01295950744291,418.2097703745338,548.901342964824,1.3103886770814488e-16
540,-67.37252754886742,33.16943199368424,112.99805287656214,228.62598328701333,359.56624986549707,183.22162563050318,718.3370312733792,297.1269842202442,94.01295950744291,418.2097703745339,548.9013429648242,1.8531694391087229e-16
541,-67.37252754886742,33.16943199368404,112.99805287656214,228.62598328701333,359.566249865497,183.22162563050318,718.3370312733794,297.12698422024414,94.01295950744291,418.20977037453383,548.901342964824,1.642659139290227e-16
542,-67.37252754886742,33.16943199368404,112.99805287656214,228.62598328701333,359.56624986549707,183.22162563050318,718.3370312733792,297.1269842202442,94.01295950744291,418.20977037453383,548.901342964824,1.2131841757563685e-16
543,-67.37252754886697,33.169431993684064,112.99805287656214,228.62598328701333,359.566249865497,183.22162563050318,718.3370312733794,297.12698422024414,94.01295950744291,418.2097703745338,548.901342964824,1.3103886770814488e-16
544,-67.37252754886742,33.16943199368424,112.99805287656214,228.62598328701333,359.56624986549707,183.22162563050318,718.3370312733792,297.1269842202442,94.01295950744291,418.2097703745339,548.9013429648242,1.8531694391087229e-16
545,-67.37252754886742,33.16943199368404,112.99805287656214,228.62598328701333,359.566249865497,183.22162563050318,718.3370312733794,297.12698422024414,94.01295950744291,418.20977037453383,548.901342964824,1.642659139290227e-16
546,-67.37252754886742,33.16943199368404,112.99805287656214,228.62598328701333,359.56624986549707,183.22162563050318,718.3370312733792,297.1269842202442,94.01295950744291,418.20977037453383,548.901342964824,1.2131841757563685e-16
547,-67.37252754886697,33.169431993684064,112.99805287656214,228.62598328701333,359.566249865497,183.22162563050318,718.3370312733794,297.12698422024414,94.01295950744291,418.2097703745338,548.901342964824,1.3103886770814488e-16
548,-67.37252754886742,33.16943199368424,112.99805287656214,228.62598328701333,359.56624986549707,183.22162563050318,718.3370312733792,297.1269842202442,94.01295950744291,418.2097703745339,548.9013429648242,1.8531694391087229e-16
549,-67.37252754886742,33.16943199368404,112.99805287656214,228.62598328701333,359.566249865497,183.22162563050318,718.3370312733794,297.12698422024414,94.01295950744291,418.20977037453383,548.901342964824,1.642659139290227e-16
550,-67.37252754886742,33.16943199368404,112.99805287656214,228.62598328701333,359.56624986549707,183.22162563050318,718.3370312733792,297.1269842202442,94.01295950744291,418.20977037453383,548.901342964824,1.2131841757563685e-16
551,-67.37252754886697,33.169431993684064,112.99805287656214,228.62598328701333,359.566249865497,183.22162563050318,718.3370312733794,297.12698422024414,94.01295950744291,418.2097703745338,548.901342964824,1.3103886770814488e-16
552,-67.37252754886742,33.16943199368424,112.99805287656214,228.62598328701333,359.56624986549707,183.22162563050318,718.3370312733792,297.1269842202442,94.01295950744291,418.2097703745339,548.9013429648242,1.8531694391087229e-16
553,-67.37252754886742,33.16943199368404,112.99805287656214,228.62598328701333,359.566249865497,183.22162563050318,718.3370312733794,297.12698422024414,94.01295950744291,418.20977037453383,548.901342964824,1.642659139290227e-16
554,-67.37252754886742,33.16943199368404,112.99805287656214,228.62598328701333,359.56624986549707,183.22162563050318,718.3370312733792,297.1269842202442,94.01295950744291,418.20977037453383,548.901342964824,1.2131841757563685e-16
555,-67.37252754886697,33.169431993684064,112.99805287656214,228.62598328701333,359.566249865497,183.22162563050318,718.3370312733794,297.12698422024414,94.01295950744291,418.2097703745338,548.901342964824,1.3103886770814488e-16
556,-67.37252754886742,33.16943199368424,112.99805287656214,228.62598328701333,359.56624986549707,183.22162563050318,718.3370312733792,297.1269842202442,94.01295950744291,418.2097703745339,548.9013429648242,1.8531694391087229e-16
557,-67.37252754886742,33.16943199368404,112.99805287656214,228.62598328701333,359.566249865497,183.22162563050318,718.3370312733794,297.12698422024414,94.01295950744291,418.20977037453383,548.901342964824,1.642659139290227e-16
558,-67.37252754886742,33.16943199368404,112.99805287656214,228.62598328701333,359.56624986549707,183.22162563050318,718.3370312733792,297.1269842202442,94.01295950744291,418.20977037453383,548.901342964824,1.2131841757563685e-16
559,-67.37252754886697,33.169431993684064,112.99805287656214,228.62598328701333,359.566249865497,183.22162563050318,718.3370312733794,297.12698422024414,94.01295950744291,418.2097703745338,548.901342964824,1.3103886770814488e-16
560,-67.37252754886742,33.16943199368424,112.99805287656214,228.62598328701333,359.56624986549707,183.22162563050318,718.3370312733792,297.1269842202442,94.01295950744291,418.2097703745339,548.9013429648242,1.8531694391087229e-16
561,-67.37252754886742,33.16943199368404,112.99805287656214,228.62598328701333,359.566249865497,183.22162563050318,718.3370312733794,297.12698422024414,94.01295950744291,418.20977037453383,548.901342964824,1.642659139290227e-16
562,-67.37252754886742,33.16943199368404,112.99805287656214,228.62598328701333,359.56624986549707,183.22162563050318,718.3370312733792,297.1269842202442,94.01295950744291,418.20977037453383,548.901342964824,1.2131841757563685e-16
563,-67.37252754886697,33.169431993684064,112.99805287656214,228.62598328701333,359.566249865497,183.22162563050318,718.3370312733794,297.12698422024414,94.01295950744291,418.2097703745338,548.901342964824,1.3103886770814488e-16
564,-67.37252754886742,33.16943199368424,112.99805287656214,228.62598328701333,359.56624986549707,183.22162563050318,718.3370312733792,297.1269842202442,94.01295950744291,418.2097703745339,548.9013429648242,1.8531694391087229e-16
565,-67.37252754886742,33.16943199368404,112.99805287656214,228.62598328701333,359.566249865497,183.22162563050318,718.3370312733794,297.12698422024414,94.01295950744291,418.20977037453383,548.901342964824,1.642659139290227e-16
566,-67.37252754886742,33.16943199368404,112.99805287656214,228.62598328701333,359.56624986549707,183.22162563050318,718.3370312733792,297.1269842202442,94.01295950744291,418.20977037453383,548.901342964824,1.2131841757563685e-16
567,-67.37252754886697,33.169431993684064,112.99805287656214,228.62598328701333,359.566249865497,183.22162563050318,718.3370312733794,297.12698422024414,94.01295950744291,418.2097703745338,548.901342964824,1.3103886770814488e-16
568,-67.37252754886742,33.16943199368424,112.99805287656214,228.62598328701333,359.56624986549707,183.22162563050318,718.3370312733792,297.1269842202442,94.01295950744291,418.2097703745339,548.9013429648242,1.8531694391087229e-16
569,-67.37252754886742,33.16943199368404,112.99805287656214,228.62598328701333,359.566249865497,183.22162563050318,718.3370312733794,297.12698422024414,94.01295950744291,418.20977037453383,548.901342964824,1.642659139290227e-16
570,-67.37252754886742,33.16943199368404,112.99805287656214,228.62598328701333,359.56624986549707,183.22162563050318,718.3370312733792,297.1269842202442,94.01295950744291,418.20977037453383,548.901342964824,1.2131841757563685e-16
571,-67.37252754886697,33.169431993684064,112.99805287656214,228.62598328701333,359.566249865497,183.22162563050318,718.3370312733794,297.12698422024414,94.01295950744291,418.2097703745338,548.901342964824,1.3103886770814488e-16
572,-67.37252754886742,33.16943199368424,112.99805287656214,228.62598328701333,359.56624986549707,183.22162563050318,718.3370312733792,297.1269842202442,94.01295950744291,418.2097703745339,548.9013429648242,1.8531694391087229e-16
573,-67.37252754886742,33.16943199368404,112.99805287656214,228.62598328701333,359.566249865497,183.22162563050318,718.3370312733794,297.12698422024414,94.01295950744291,418.20977037453383,548.901342964824,1.642659139290227e-16
574,-67.37252754886742,33.16943199368404,112.99805287656214,228.62598328701333,359.56624986549707,183.22162563050318,718.3370312733792,297.1269842202442,94.01295950744291,418.20977037453383,548.901342964824,1.2131841757563685e-16
575,-67.37252754886697,33.169431993684064,112.99805287656214,228.62598328701333,359.566249865497,183.22162563050318,718.3370312733794,297.12698422024414,94.01295950744291,418.2097703745338,548.901342964824,1.3103886770814488e-16
576,-67.37252754886742,33.16943199368424,112.99805287656214,228.62598328701333,359.56624986549707,183.22162563050318,718.3370312733792,297.1269842202442,94.01295950744291,418.2097703745339,548.9013429648242,1.8531694391087229e-16
577,-67.37252754886742,33.16943199368404,112.99805287656214,228.62598328701333,359.566249865497,183.22162563050318,718.3370312733794,297.12698422024414,94.01295950744291,418.20977037453383,548.901342964824,1.642659139290227e-16
578,-67.37252754886742,33.16943199368404,112.99805287656214,228.62598328701333,359.56624986549707,183.22162563050318,718.3370312733792,297.1269842202442,94.01295950744291,418.20977037453383,548.901342964824,1.2131841757563685e-16
579,-67.37252754886697,33.169431993684064,112.99805287656214,228.62598328701333,359.566249865497,183.22162563050318,718.3370312733794,297.12698422024414,94.01295950744291,418.2097703745338,548.901342964824,1.3103886770814488e-16
580,-67.37252754886742,33.16943199368424,112.99805287656214,228.62598328701333,359.56624986549707,183.22162563050318,718.3370312733792,297.1269842202442,94.01295950744291,418.2097703745339,548.9013429648242,1.8531694391087229e-16
581,-67.37252754886742,33.16943199368404,112.99805287656214,228.62598328701333,359.566249865497,183.22162563050318,718.3370312733794,297.12698422024414,94.01295950744291,418.20977037453383,548.901342964824,1.642659139290227e-16
582,-67.37252754886742,33.16943199368404,112.99805287656214,228.62598328701333,359.56624986549707,183.22162563050318,718.3370312733792,297.1269842202442,94.01295950744291,418.20977037453383,548.901342964824,1.2131841757563685e-16
583,-67.37252754886697,33.169431993684064,112.99805287656214,228.62598328701333,359.566249865497,183.22162563050318,718.3370312733794,297.12698422024414,94.01295950744291,418.2097703745338,548.901342964824,1.3103886770814488e-16
584,-67.37252754886742,33.16943199368424,112.99805287656214,228.62598328701333,359.56624986549707,183.22162563050318,718.3370312733792,297.1269842202442,94.01295950744291,418.2097703745339,548.9013429648242,1.8531694391087229e-16
585,-67.37252754886742,33.16943199368404,112.99805287656214,228.62598328701333,359.566249865497,183.22162563050318,718.3370312733794,297.12698422024414,94.01295950744291,418.20977037453383,548.901342964824,1.642659139290227e-16
586,-67.37252754886742,33.16943199368404,112.99805287656214,228.62598328701333,359.56624986549707,183.22162563050318,718.3370312733792,297.1269842202442,94.01295950744291,418.20977037453383,548.901342964824,1.2131841757563685e-16
587,-67.37252754886697,33.169431993684064,112.99805287656214,228.62598328701333,359.566249865497,183.22162563050318,718.3370312733794,297.12698422024414,94.01295950744291,418.2097703745338,548.901342964824,1.3103886770814488e-16
588,-67.37252754886742,33.16943199368424,112.99805287656214,228.62598328701333,359.56624986549707,183.22162563050318,718.3370312733792,297.1269842202442,94.01295950744291,418.2097703745339,548.9013429648242,1.8531694391087229e-16
589,-67.37252754886742,33.16943199368404,112.99805287656214,228.62598328701333,359.566249865497,183.22162563050318,718.3370312733794,297.12698422024414,94.01295950744291,418.20977037453383,548.901342964824,1.642659139290227e-16
590,-67.37252754886742,33.16943199368404,112.99805287656214,228.62598328701333,359.56624986549707,183.22162563050318,718.3370312733792,297.1269842202442,94.01295950744291,418.20977037453383,548.901342964824,1.2131841757563685e-16
591,-67.37252754886697,33.169431993684064,112.99805287656214,228.62598328701333,359.566249865497,183.22162563050318,718.3370312733794,297.12698422024414,94.01295950744291,418.2097703745338,548.901342964824,1.3103886770814488e-16
592,-67.37252754886742,33.16943199368424,112.99805287656214,228.62598328701333,359.56624986549707,183.22162563050318,718.3370312733792,297.1269842202442,94.01295950744291,418.2097703745339,548.9013429648242,1.8531694391087229e-16
593,-67.37252754886742,33.16943199368404,112.99805287656214,228.62598328701333,359.566249865497,183.22162563050318,718.3370312733794,297.12698422024414,94.01295950744291,418.20977037453383,548.901342964824,1.642659139290227e-16
594,-67.37252754886742,33.16943199368404,112.99805287656214,228.62598328701333,359.56624986549707,183.22162563050318,718.3370312733792,297.1269842202442,94.01295950744291,418.20977037453383,548.901342964824,1.2131841757563685e-16
595,-67.37252754886697,33.169431993684064,112.99805287656214,228.62598328701333,359.566249865497,183.22162563050318,718.3370312733794,297.12698422024414,94.01295950744291,418.2097703745338,548.901342964824,1.3103886770814488e-16
596,-67.37252754886742,33.16943199368424,112.99805287656214,228.62598328701333,359.56624986549707,183.22162563050318,718.3370312733792,297.1269842202442,94.01295950744291,418.2097703745339,548.9013429648242,1.8531694391087229e-16
597,-67.37252754886742,33.16943199368404,112.99805287656214,228.62598328701333,359.566249865497,183.22162563050318,718.3370312733794,297.12698422024414,94.01295950744291,418.20977037453383,548.901342964824,1.642659139290227e-16
598,-67.37252754886742,33.16943199368404,112.99805287656214,228.62598328701333,359.56624986549707,183.22162563050318,718.3370312733792,297.1269842202442,94.01295950744291,418.20977037453383,548.901342964824,1.2131841757563685e-16
599,-67.37252754886697,33.169431993684064,112.99805287656214,228.62598328701333,359.566249865497,183.22162563050318,718.3370312733794,297.12698422024414,94.01295950744291,418.2097703745338,548.901342964824,1.3103886770814488e-16
600,-67.37252754886742,33.16943199368424,112.99805287656214,228.62598328701333,359.56624986549707,183.22162563050318,718.3370312733792,297.1269842202442,94.01295950744291,418.2097703745339,548.9013429648242,1.8531694391087229e-16
601,-67.37252754886742,33.16943199368404,112.99805287656214,228.62598328701333,359.566249865497,183.22162563050318,718.3370312733794,297.12698422024414,94.01295950744291,418.20977037453383,548.901342964824,1.642659139290227e-16
602,-67.37252754886742,33.16943199368404,112.99805287656214,228.62598328701333,359.56624986549707,183.22162563050318,718.3370312733792,297.1269842202442,94.01295950744291,418.20977037453383,548.901342964824,1.2131841757563685e-16
603,-67.37252754886697,33.169431993684064,112.99805287656214,228.62598328701333,359.566249865497,183.22162563050318,718.3370312733794,297.12698422024414,94.01295950744291,418.2097703745338,548.901342964824,1.3103886770814488e-16
604,-67.37252754886742,33.16943199368424,112.99805287656214,228.62598328701333,359.56624986549707,183.22162563050318,718.3370312733792,297.1269842202442,94.01295950744291,418.2097703745339,548.9013429648242,1.8531694391087229e-16
605,-67.37252754886742,33.16943199368404,112.99805287656214,228.62598328701333,359.566249865497,183.22162563050318,718.3370312733794,297.12698422024414,94.01295950744291,418.20977037453383,548.901342964824,1.642659139290227e-16
606,-67.37252754886742,33.16943199368404,112.99805287656214,228.62598328701333,359.56624986549707,183.22162563050318,718.3370312733792,297.1269842202442,94.01295950744291,418.20977037453383,548.901342964824,1.2131841757563685e-16
607,-67.37252754886697,33.169431993684064,112.99805287656214,228.62598328701333,359.566249865497,183.22162563050318,718.3370312733794,297.12698422024414,94.01295950744291,418.2097703745338,548.901342964824,1.3103886770814488e-16
608,-67.37252754886742,33.16943199368424,112.99805287656214,228.62598328701333,359.56624986549707,183.22162563050318,718.3370312733792,297.1269842202442,94.01295950744291,418.2097703745339,548.9013429648242,1.8531694391087229e-16
609,-67.37252754886742,33.16943199368404,112.99805287656214,228.62598328701333,359.566249865497,183.22162563050318,718.3370312733794,297.12698422024414,94.01295950744291,418.20977037453383,548.901342964824,1.642659139290227e-16
610,-67.37252754886742,33.16943199368404,112.99805287656214,228.62598328701333,359.56624986549707,183.22162563050318,718.3370312733792,297.1269842202442,94.01295950744291,418.20977037453383,548.901342964824,1.2131841757563685e-16
611,-67.37252754886697,33.169431993684064,112.99805287656214,228.62598328701333,359.566249865497,183.22162563050318,718.3370312733794,297.12698422024414,94.01295950744291,418.2097703745338,548.901342964824,1.3103886770814488e-16
612,-67.37252754886742,33.16943199368424,112.99805287656214,228.62598328701333,359.56624986549707,183.22162563050318,718.3370312733792,297.1269842202442,94.01295950744291,418.2097703745339,548.9013429648242,1.8531694391087229e-16
613,-67.37252754886742,33.16943199368404,112.99805287656214,228.62598328701333,359.566249865497,183.22162563050318,718.3370312733794,297.12698422024414,94.01295950744291,418.20977037453383,548.901342964824,1.642659139290227e-16
614,-67.37252754886742,33.16943199368404,112.99805287656214,228.62598328701333,359.56624986549707,183.22162563050318,718.3370312733792,297.1269842202442,94.01295950744291,418.20977037453383,548.901342964824,1.2131841757563685e-16
615,-67.37252754886697,33.169431993684064,112.99805287656214,228.62598328701333,359.566249865497,183.22162563050318,718.3370312733794,297.12698422024414,94.01295950744291,418.2097703745338,548.901342964824,1.3103886770814488e-16
616,-67.37252754886742,33.16943199368424,112.99805287656214,228.62598328701333,359.56624986549707,183.22162563050318,718.3370312733792,297.1269842202442,94.01295950744291,418.2097703745339,548.9013429648242,1.8531694391087229e-16
617,-67.37252754886742,33.16943199368404,112.99805287656214,228.62598328701333,359.566249865497,183.22162563050318,718.3370312733794,297.12698422024414,94.01295950744291,418.20977037453383,548.901342964824,1.642659139290227e-16
618,-67.37252754886742,33.16943199368404,112.99805287656214,228.62598328701333,359.56624986549707,183.22162563050318,718.3370312733792,297.1269842202442,94.01295950744291,418.20977037453383,548.901342964824,1.2131841757563685e-16
619,-67.37252754886697,33.169431993684064,112.99805287656214,228.62598328701333,359.566249865497,183.22162563050318,718.3370312733794,297.12698422024414,94.01295950744291,418.2097703745338,548.901342964824,1.3103886770814488e-16
620,-67.37252754886742,33.16943199368424,112.99805287656214,228.62598328701333,359.56624986549707,183.22162563050318,718.3370312733792,297.1269842202442,94.01295950744291,418.2097703745339,548.9013429648242,1.8531694391087229e-16
621,-67.37252754886742,33.16943199368404,112.99805287656214,228.62598328701333,359.566249865497,183.22162563050318,718.3370312733794,297.12698422024414,94.01295950744291,418.20977037453383,548.901342964824,1.642659139290227e-16
622,-67.37252754886742,33.16943199368404,112.99805287656214,228.62598328701333,359.56624986549707,183.22162563050318,718.3370312733792,297.1269842202442,94.01295950744291,418.20977037453383,548.901342964824,1.2131841757563685e-16
623,-67.37252754886697,33.169431993684064,112.99805287656214,228.62598328701333,359.566249865497,183.22162563050318,718.3370312733794,297.12698422024414,94.01295950744291,418.2097703745338,548.901342964824,1.3103886770814488e-16
624,-67.37252754886742,33.16943199368424,112.99805287656214,228.62598328701333,359.56624986549707,183.22162563050318,718.3370312733792,297.1269842202442,94.01295950744291,418.2097703745339,548.9013429648242,1.8531694391087229e-16
625,-67.37252754886742,33.16943199368404,112.99805287656214,228.62598328701333,359.566249865497,183.22162563050318,718.3370312733794,297.12698422024414,94.01295950744291,418.20977037453383,548.901342964824,1.642659139290227e-16
626,-67.37252754886742,33.16943199368404,112.99805287656214,228.62598328701333,359.56624986549707,183.22162563050318,718.3370312733792,297.1269842202442,94.01295950744291,418.20977037453383,548.901342964824,1.2131841757563685e-16
627,-67.37252754886697,33.169431993684064,112.99805287656214,228.62598328701333,359.566249865497,183.22162563050318,718.3370312733794,297.12698422024414,94.01295950744291,418.2097703745338,548.901342964824,1.3103886770814488e-16
628,-67.37252754886742,33.16943199368424,112.99805287656214,228.62598328701333,359.56624986549707,183.22162563050318,718.3370312733792,297.1269842202442,94.01295950744291,418.2097703745339,548.9013429648242,1.8531694391087229e-16
629,-67.37252754886742,33.16943199368404,112.99805287656214,228.62598328701333,359.566249865497,183.22162563050318,718.3370312733794,297.12698422024414,94.01295950744291,418.20977037453383,548.901342964824,1.642659139290227e-16
630,-67.37252754886742,33.16943199368404,112.99805287656214,228.62598328701333,359.56624986549707,183.22162563050318,718.3370312733792,297.1269842202442,94.01295950744291,418.20977037453383,548.901342964824,1.2131841757563685e-16
631,-67.37252754886697,33.169431993684064,112.99805287656214,228.62598328701333,359.566249865497,183.22162563050318,718.3370312733794,297.12698422024414,94.01295950744291,418.2097703745338,548.901342964824,1.3103886770814488e-16
632,-67.37252754886742,33.16943199368424,112.99805287656214,228.62598328701333,359.56624986549707,183.22162563050318,718.3370312733792,297.1269842202442,94.01295950744291,418.2097703745339,548.9013429648242,1.8531694391087229e-16
633,-67.37252754886742,33.16943199368404,112.99805287656214,228.62598328701333,359.566249865497,183.22162563050318,718.3370312733794,297.12698422024414,94.01295950744291,418.20977037453383,548.901342964824,1.642659139290227e-16
634,-67.37252754886742,33.16943199368404,112.99805287656214,228.62598328701333,359.56624986549707,183.22162563050318,718.3370312733792,297.1269842202442,94.01295950744291,418.20977037453383,548.901342964824,1.2131841757563685e-16
635,-67.37252754886697,33.169431993684064,112.99805287656214,228.62598328701333,359.566249865497,183.22162563050318,718.3370312733794,297.12698422024414,94.01295950744291,418.2097703745338,548.901342964824,1.3103886770814488e-16
636,-67.37252754886742,33.16943199368424,112.99805287656214,228.62598328701333,359.56624986549707,183.22162563050318,718.3370312733792,297.1269842202442,94.01295950744291,418.2097703745339,548.9013429648242,1.8531694391087229e-16
637,-67.37252754886742,33.16943199368404,112.99805287656214,228.62598328701333,359.566249865497,183.22162563050318,718.3370312733794,297.12698422024414,94.01295950744291,418.20977037453383,548.901342964824,1.642659139290227e-16
638,-67.37252754886742,33.16943199368404,112.99805287656214,228.62598328701333,359.56624986549707,183.22162563050318,718.3370312733792,297.1269842202442,94.01295950744291,418.20977037453383,548.901342964824,1.2131841757563685e-16
639,-67.37252754886697,33.169431993684064,112.99805287656214,228.62598328701333,359.566249865497,183.22162563050318,718.3370312733794,297.12698422024414,94.01295950744291,418.2097703745338,548.901342964824,1.3103886770814488e-16
640,-67.37252754886742,33.16943199368424,112.99805287656214,228.62598328701333,359.56624986549707,183.22162563050318,718.3370312733792,297.1269842202442,94.01295950744291,418.2097703745339,548.9013429648242,1.8531694391087229e-16
641,-67.37252754886742,33.16943199368404,112.99805287656214,228.62598328701333,359.566249865497,183.22162563050318,718.3370312733794,297.12698422024414,94.01295950744291,418.20977037453383,548.901342964824,1.642659139290227e-16
642,-67.37252754886742,33.16943199368404,112.99805287656214,228.62598328701333,359.56624986549707,183.22162563050318,718.3370312733792,297.1269842202442,94.01295950744291,418.20977037453383,548.901342964824,1.2131841757563685e-16
643,-67.37252754886697,33.169431993684064,112.99805287656214,228.62598328701333,359.566249865497,183.22162563050318,718.3370312733794,297.12698422024414,94.01295950744291,418.2097703745338,548.901342964824,1.3103886770814488e-16
644,-67.37252754886742,33.16943199368424,112.99805287656214,228.62598328701333,359.56624986549707,183.22162563050318,718.3370312733792,297.1269842202442,94.01295950744291,418.2097703745339,548.9013429648242,1.8531694391087229e-16
645,-67.37252754886742,33.16943199368404,112.99805287656214,228.62598328701333,359.566249865497,183.22162563050318,718.3370312733794,297.12698422024414,94.01295950744291,418.20977037453383,548.901342964824,1.642659139290227e-16
646,-67.37252754886742,33.16943199368404,112.99805287656214,228.62598328701333,359.56624986549707,183.22162563050318,718.3370312733792,297.1269842202442,94.01295950744291,418.20977037453383,548.901342964824,1.2131841757563685e-16
647,-67.37252754886697,33.169431993684064,112.99805287656214,228.62598328701333,359.566249865497,183.22162563050318,718.3370312733794,297.12698422024414,94.01295950744291,418.2097703745338,548.901342964824,1.3103886770814488e-16
648,-67.37252754886742,33.16943199368424,112.99805287656214,228.62598328701333,359.56624986549707,183.22162563050318,718.3370312733792,297.1269842202442,94.01295950744291,418.2097703745339,548.9013429648242,1.8531694391087229e-16
649,-67.37252754886742,33.16943199368404,112.99805287656214,228.62598328701333,359.566249865497,183.22162563050318,718.3370312733794,297.12698422024414,94.01295950744291,418.20977037453383,548.901342964824,1.642659139290227e-16
650,-67.37252754886742,33.16943199368404,112.99805287656214,228.62598328701333,359.56624986549707,183.22162563050318,718.3370312733792,297.1269842202442,94.01295950744291,418.20977037453383,548.901342964824,1.2131841757563685e-16
651,-67.37252754886697,33.169431993684064,112.99805287656214,228.62598328701333,359.566249865497,183.22162563050318,718.3370312733794,297.12698422024414,94.01295950744291,418.2097703745338,548.901342964824,1.3103886770814488e-16
652,-67.37252754886742,33.16943199368424,112.99805287656214,228.62598328701333,359.56624986549707,183.22162563050318,718.3370312733792,297.1269842202442,94.01295950744291,418.2097703745339,548.9013429648242,1.8531694391087229e-16
653,-67.37252754886742,33.16943199368404,112.99805287656214,228.62598328701333,359.566249865497,183.22162563050318,718.3370312733794,297.12698422024414,94.01295950744291,418.20977037453383,548.901342964824,1.642659139290227e-16
654,-67.37252754886742,33.16943199368404,112.99805287656214,228.62598328701333,359.56624986549707,183.22162563050318,718.3370312733792,297.1269842202442,94.01295950744291,418.20977037453383,548.901342964824,1.2131841757563685e-16
655,-67.37252754886697,33.169431993684064,112.99805287656214,228.62598328701333,359.566249865497,183.22162563050318,718.3370312733794,297.12698422024414,94.01295950744291,418.2097703745338,548.901342964824,1.3103886770814488e-16
656,-67.37252754886742,33.16943199368424,112.99805287656214,228.62598328701333,359.56624986549707,183.22162563050318,718.3370312733792,297.1269842202442,94.01295950744291,418.2097703745339,548.9013429648242,1.8531694391087229e-16
657,-67.37252754886742,33.16943199368404,112.99805287656214,228.62598328701333,359.566249865497,183.22162563050318,718.3370312733794,297.12698422024414,94.01295950744291,418.20977037453383,548.901342964824,1.642659139290227e-16
658,-67.37252754886742,33.16943199368404,112.99805287656214,228.62598328701333,359.56624986549707,183.22162563050318,718.3370312733792,297.1269842202442,94.01295950744291,418.20977037453383,548.901342964824,1.2131841757563685e-16
659,-67.37252754886697,33.169431993684064,112.99805287656214,228.62598328701333,359.566249865497,183.22162563050318,718.3370312733794,297.12698422024414,94.01295950744291,418.2097703745338,548.901342964824,1.3103886770814488e-16
660,-67.37252754886742,33.16943199368424,112.99805287656214,228.62598328701333,359.56624986549707,183.22162563050318,718.3370312733792,297.1269842202442,94.01295950744291,418.2097703745339,548.9013429648242,1.8531694391087229e-16
661,-67.37252754886742,33.16943199368404,112.99805287656214,228.62598328701333,359.566249865497,183.22162563050318,718.3370312733794,297.12698422024414,94.01295950744291,418.20977037453383,548.901342964824,1.642659139290227e-16
662,-67.37252754886742,33.16943199368404,112.99805287656214,228.62598328701333,359.56624986549707,183.22162563050318,718.3370312733792,297.1269842202442,94.01295950744291,418.20977037453383,548.901342964824,1.2131841757563685e-16
663,-67.37252754886697,33.169431993684064,112.99805287656214,228.62598328701333,359.566249865497,183.22162563050318,718.3370312733794,297.12698422024414,94.01295950744291,418.2097703745338,548.901342964824,1.3103886770814488e-16
664,-67.37252754886742,33.16943199368424,112.99805287656214,228.62598328701333,359.56624986549707,183.22162563050318,718.3370312733792,297.1269842202442,94.01295950744291,418.2097703745339,548.9013429648242,1.8531694391087229e-16
665,-67.37252754886742,33.16943199368404,112.99805287656214,228.62598328701333,359.566249865497,183.22162563050318,718.3370312733794,297.12698422024414,94.01295950744291,418.20977037453383,548.901342964824,1.642659139290227e-16
666,-67.37252754886742,33.16943199368404,112.99805287656214,228.62598328701333,359.56624986549707,183.22162563050318,718.3370312733792,297.1269842202442,94.01295950744291,418.20977037453383,548.901342964824,1.2131841757563685e-16
667,-67.37252754886697,33.169431993684064,112.99805287656214,228.62598328701333,359.566249865497,183.22162563050318,718.3370312733794,297.12698422024414,94.01295950744291,418.2097703745338,548.901342964824,1.3103886770814488e-16
668,-67.37252754886742,33.16943199368424,112.99805287656214,228.62598328701333,359.56624986549707,183.22162563050318,718.3370312733792,297.1269842202442,94.01295950744291,418.2097703745339,548.9013429648242,1.8531694391087229e-16
669,-67.37252754886742,33.16943199368404,112.99805287656214,228.62598328701333,359.566249865497,183.22162563050318,718.3370312733794,297.12698422024414,94.01295950744291,418.20977037453383,548.901342964824,1.642659139290227e-16
670,-67.37252754886742,33.16943199368404,112.99805287656214,228.62598328701333,359.56624986549707,183.22162563050318,718.3370312733792,297.1269842202442,94.01295950744291,418.20977037453383,548.901342964824,1.2131841757563685e-16
671,-67.37252754886697,33.169431993684064,112.99805287656214,228.62598328701333,359.566249865497,183.22162563050318,718.3370312733794,297.12698422024414,94.01295950744291,418.2097703745338,548.901342964824,1.3103886770814488e-16
672,-67.37252754886742,33.16943199368424,112.99805287656214,228.62598328701333,359.56624986549707,183.22162563050318,718.3370312733792,297.1269842202442,94.01295950744291,418.2097703745339,548.9013429648242,1.8531694391087229e-16
673,-67.37252754886742,33.16943199368404,112.99805287656214,228.62598328701333,359.566249865497,183.22162563050318,718.3370312733794,297.12698422024414,94.01295950744291,418.20977037453383,548.901342964824,1.642659139290227e-16
674,-67.37252754886742,33.16943199368404,112.99805287656214,228.62598328701333,359.56624986549707,183.22162563050318,718.3370312733792,297.1269842202442,94.01295950744291,418.20977037453383,548.901342964824,1.2131841757563685e-16
675,-67.37252754886697,33.169431993684064,112.99805287656214,228.62598328701333,359.566249865497,183.22162563050318,718.3370312733794,297.12698422024414,94.01295950744291,418.2097703745338,548.901342964824,1.3103886770814488e-16
676,-67.37252754886742,33.16943199368424,112.99805287656214,228.62598328701333,359.56624986549707,183.22162563050318,718.3370312733792,297.1269842202442,94.01295950744291,418.2097703745339,548.9013429648242,1.8531694391087229e-16
677,-67.37252754886742,33.16943199368404,112.99805287656214,228.62598328701333,359.566249865497,183.22162563050318,718.3370312733794,297.12698422024414,94.01295950744291,418.20977037453383,548.901342964824,1.642659139290227e-16
678,-67.37252754886742,33.16943199368404,112.99805287656214,228.62598328701333,359.56624986549707,183.22162563050318,718.3370312733792,297.1269842202442,94.01295950744291,418.20977037453383,548.901342964824,1.2131841757563685e-16
679,-67.37252754886697,33.169431993684064,112.99805287656214,228.62598328701333,359.566249865497,183.22162563050318,718.3370312733794,297.12698422024414,94.01295950744291,418.2097703745338,548.901342964824,1.3103886770814488e-16
680,-67.37252754886742,33.16943199368424,112.99805287656214,228.62598328701333,359.56624986549707,183.22162563050318,718.3370312733792,297.1269842202442,94.01295950744291,418.2097703745339,548.9013429648242,1.8531694391087229e-16
681,-67.37252754886742,33.16943199368404,112.99805287656214,228.62598328701333,359.566249865497,183.22162563050318,718.3370312733794,297.12698422024414,94.01295950744291,418.20977037453383,548.901342964824,1.642659139290227e-16
682,-67.37252754886742,33.16943199368404,112.99805287656214,228.62598328701333,359.56624986549707,183.22162563050318,718.3370312733792,297.1269842202442,94.01295950744291,418.20977037453383,548.901342964824,1.2131841757563685e-16
683,-67.37252754886697,33.169431993684064,112.99805287656214,228.62598328701333,359.566249865497,183.22162563050318,718.3370312733794,297.12698422024414,94.01295950744291,418.2097703745338,548.901342964824,1.3103886770814488e-16
684,-67.37252754886742,33.16943199368424,112.99805287656214,228.62598328701333,359.56624986549707,183.22162563050318,718.3370312733792,297.1269842202442,94.01295950744291,418.2097703745339,548.9013429648242,1.8531694391087229e-16
685,-67.37252754886742,33.16943199368404,112.99805287656214,228.62598328701333,359.566249865497,183.22162563050318,718.3370312733794,297.12698422024414,94.01295950744291,418.20977037453383,548.901342964824,1.642659139290227e-16
686,-67.37252754886742,33.16943199368404,112.99805287656214,228.62598328701333,359.56624986549707,183.22162563050318,718.3370312733792,297.1269842202442,94.01295950744291,418.20977037453383,548.901342964824,1.2131841757563685e-16
687,-67.37252754886697,33.169431993684064,112.99805287656214,228.62598328701333,359.566249865497,183.22162563050318,718.3370312733794,297.12698422024414,94.01295950744291,418.2097703745338,548.901342964824,1.3103886770814488e-16
688,-67.37252754886742,33.16943199368424,112.99805287656214,228.62598328701333,359.56624986549707,183.22162563050318,718.3370312733792,297.1269842202442,94.01295950744291,418.2097703745339,548.9013429648242,1.8531694391087229e-16
689,-67.37252754886742,33.16943199368404,112.99805287656214,228.62598328701333,359.566249865497,183.22162563050318,718.3370312733794,297.12698422024414,94.01295950744291,418.20977037453383,548.901342964824,1.642659139290227e-16
690,-67.37252754886742,33.16943199368404,112.99805287656214,228.62598328701333,359.56624986549707,183.22162563050318,718.3370312733792,297.1269842202442,94.01295950744291,418.20977037453383,548.901342964824,1.2131841757563685e-16
691,-67.37252754886697,33.169431993684064,112.99805287656214,228.62598328701333,359.566249865497,183.22162563050318,718.3370312733794,297.12698422024414,94.01295950744291,418.2097703745338,548.901342964824,1.3103886770814488e-16
692,-67.37252754886742,33.16943199368424,112.99805287656214,228.62598328701333,359.56624986549707,183.22162563050318,718.3370312733792,297.1269842202442,94.01295950744291,418.2097703745339,548.9013429648242,1.8531694391087229e-16
693,-67.37252754886742,33.16943199368404,112.99805287656214,228.62598328701333,359.566249865497,183.22162563050318,718.3370312733794,297.12698422024414,94.01295950744291,418.20977037453383,548.901342964824,1.642659139290227e-16
694,-67.37252754886742,33.16943199368404,112.99805287656214,228.62598328701333,359.56624986549707,183.22162563050318,718.3370312733792,297.1269842202442,94.01295950744291,418.20977037453383,548.901342964824,1.2131841757563685e-16
695,-67.37252754886697,33.169431993684064,112.99805287656214,228.62598328701333,359.566249865497,183.22162563050318,718.3370312733794,297.12698422024414,94.01295950744291,418.2097703745338,548.901342964824,1.3103886770814488e-16
696,-67.37252754886742,33.16943199368424,112.99805287656214,228.62598328701333,359.56624986549707,183.22162563050318,718.3370312733792,297.1269842202442,94.01295950744291,418.2097703745339,548.9013429648242,1.8531694391087229e-16
697,-67.37252754886742,33.16943199368404,112.99805287656214,228.62598328701333,359.566249865497,183.22162563050318,718.3370312733794,297.12698422024414,94.01295950744291,418.20977037453383,548.901342964824,1.642659139290227e-16
698,-67.37252754886742,33.16943199368404,112.99805287656214,228.62598328701333,359.56624986549707,183.22162563050318,718.3370312733792,297.1269842202442,94.01295950744291,418.20977037453383,548.901342964824,1.2131841757563685e-16
699,-67.37252754886697,33.169431993684064,112.99805287656214,228.62598328701333,359.566249865497,183.22162563050318,718.3370312733794,297.12698422024414,94.01295950744291,418.2097703745338,548.901342964824,1.3103886770814488e-16
700,-67.37252754886742,33.16943199368424,112.99805287656214,228.62598328701333,359.56624986549707,183.22162563050318,718.3370312733792,297.1269842202442,94.01295950744291,418.2097703745339,548.9013429648242,1.8531694391087229e-16
701,-67.37252754886742,33.16943199368404,112.99805287656214,228.62598328701333,359.566249865497,183.22162563050318,718.3370312733794,297.12698422024414,94.01295950744291,418.20977037453383,548.901342964824,1.642659139290227e-16
702,-67.37252754886742,33.16943199368404,112.99805287656214,228.62598328701333,359.56624986549707,183.22162563050318,718.3370312733792,297.1269842202442,94.01295950744291,418.20977037453383,548.901342964824,1.2131841757563685e-16
703,-67.37252754886697,33.169431993684064,112.99805287656214,228.62598328701333,359.566249865497,183.22162563050318,718.3370312733794,297.12698422024414,94.01295950744291,418.2097703745338,548.901342964824,1.3103886770814488e-16
704,-67.37252754886742,33.16943199368424,112.99805287656214,228.62598328701333,359.56624986549707,183.22162563050318,718.3370312733792,297.1269842202442,94.01295950744291,418.2097703745339,548.9013429648242,1.8531694391087229e-16
705,-67.37252754886742,33.16943199368404,112.99805287656214,228.62598328701333,359.566249865497,183.22162563050318,718.3370312733794,297.12698422024414,94.01295950744291,418.20977037453383,548.901342964824,1.642659139290227e-16
706,-67.37252754886742,33.16943199368404,112.99805287656214,228.62598328701333,359.56624986549707,183.22162563050318,718.3370312733792,297.1269842202442,94.01295950744291,418.20977037453383,548.901342964824,1.2131841757563685e-16
707,-67.37252754886697,33.169431993684064,112.99805287656214,228.62598328701333,359.566249865497,183.22162563050318,718.3370312733794,297.12698422024414,94.01295950744291,418.2097703745338,548.901342964824,1.3103886770814488e-16
708,-67.37252754886742,33.16943199368424,112.99805287656214,228.62598328701333,359.56624986549707,183.22162563050318,718.3370312733792,297.1269842202442,94.01295950744291,418.2097703745339,548.9013429648242,1.8531694391087229e-16
709,-67.37252754886742,33.16943199368404,112.99805287656214,228.62598328701333,359.566249865497,183.22162563050318,718.3370312733794,297.12698422024414,94.01295950744291,418.20977037453383,548.901342964824,1.642659139290227e-16
710,-67.37252754886742,33.16943199368404,112.99805287656214,228.62598328701333,359.56624986549707,183.22162563050318,718.3370312733792,297.1269842202442,94.01295950744291,418.20977037453383,548.901342964824,1.2131841757563685e-16
711,-67.37252754886697,33.169431993684064,112.99805287656214,228.62598328701333,359.566249865497,183.22162563050318,718.3370312733794,297.12698422024414,94.01295950744291,418.2097703745338,548.901342964824,1.3103886770814488e-16
712,-67.37252754886742,33.16943199368424,112.99805287656214,228.62598328701333,359.56624986549707,183.22162563050318,718.3370312733792,297.1269842202442,94.01295950744291,418.2097703745339,548.9013429648242,1.8531694391087229e-16
713,-67.37252754886742,33.16943199368404,112.99805287656214,228.62598328701333,359.566249865497,183.22162563050318,718.3370312733794,297.12698422024414,94.01295950744291,418.20977037453383,548.901342964824,1.642659139290227e-16
714,-67.37252754886742,33.16943199368404,112.99805287656214,228.62598328701333,359.56624986549707,183.22162563050318,718.3370312733792,297.1269842202442,94.01295950744291,418.20977037453383,548.901342964824,1.2131841757563685e-16
715,-67.37252754886697,33.169431993684064,112.99805287656214,228.62598328701333,359.566249865497,183.22162563050318,718.3370312733794,297.12698422024414,94.01295950744291,418.2097703745338,548.901342964824,1.3103886770814488e-16
716,-67.37252754886742,33.16943199368424,112.99805287656214,228.62598328701333,359.56624986549707,183.22162563050318,718.3370312733792,297.1269842202442,94.01295950744291,418.2097703745339,548.9013429648242,1.8531694391087229e-16
717,-67.37252754886742,33.16943199368404,112.99805287656214,228.62598328701333,359.566249865497,183.22162563050318,718.3370312733794,297.12698422024414,94.01295950744291,418.20977037453383,548.901342964824,1.642659139290227e-16
718,-67.37252754886742,33.16943199368404,112.99805287656214,228.62598328701333,359.56624986549707,183.22162563050318,718.3370312733792,297.1269842202442,94.01295950744291,418.20977037453383,548.901342964824,1.2131841757563685e-16
719,-67.37252754886697,33.169431993684064,112.99805287656214,228.62598328701333,359.566249865497,183.22162563050318,718.3370312733794,297.12698422024414,94.01295950744291,418.2097703745338,548.901342964824,1.3103886770814488e-16
720,-67.37252754886742,33.16943199368424,112.99805287656214,228.62598328701333,359.56624986549707,183.22162563050318,718.3370312733792,297.1269842202442,94.01295950744291,418.2097703745339,548.9013429648242,1.8531694391087229e-16
721,-67.37252754886742,33.16943199368404,112.99805287656214,228.62598328701333,359.566249865497,183.22162563050318,718.3370312733794,297.12698422024414,94.01295950744291,418.20977037453383,548.901342964824,1.642659139290227e-16
722,-67.37252754886742,33.16943199368404,112.99805287656214,228.62598328701333,359.56624986549707,183.22162563050318,718.3370312733792,297.1269842202442,94.01295950744291,418.20977037453383,548.901342964824,1.2131841757563685e-16
723,-67.37252754886697,33.169431993684064,112.99805287656214,228.62598328701333,359.566249865497,183.22162563050318,718.3370312733794,297.12698422024414,94.01295950744291,418.2097703745338,548.901342964824,1.3103886770814488e-16
724,-67.37252754886742,33.16943199368424,112.99805287656214,228.62598328701333,359.56624986549707,183.22162563050318,718.3370312733792,297.1269842202442,94.01295950744291,418.2097703745339,548.9013429648242,1.8531694391087229e-16
725,-67.37252754886742,33.16943199368404,112.99805287656214,228.62598328701333,359.566249865497,183.22162563050318,718.3370312733794,297.12698422024414,94.01295950744291,418.20977037453383,548.901342964824,1.642659139290227e-16
726,-67.37252754886742,33.16943199368404,112.99805287656214,228.62598328701333,359.56624986549707,183.22162563050318,718.3370312733792,297.1269842202442,94.01295950744291,418.20977037453383,548.901342964824,1.2131841757563685e-16
727,-67.37252754886697,33.169431993684064,112.99805287656214,228.62598328701333,359.566249865497,183.22162563050318,718.3370312733794,297.12698422024414,94.01295950744291,418.2097703745338,548.901342964824,1.3103886770814488e-16
728,-67.37252754886742,33.16943199368424,112.99805287656214,228.62598328701333,359.56624986549707,183.22162563050318,718.3370312733792,297.1269842202442,94.01295950744291,418.2097703745339,548.9013429648242,1.8531694391087229e-16
729,-67.37252754886742,33.16943199368404,112.99805287656214,228.62598328701333,359.566249865497,183.22162563050318,718.3370312733794,297.12698422024414,94.01295950744291,418.20977037453383,548.901342964824,1.642659139290227e-16
730,-67.37252754886742,33.16943199368404,112.99805287656214,228.62598328701333,359.56624986549707,183.22162563050318,718.3370312733792,297.1269842202442,94.01295950744291,418.20977037453383,548.901342964824,1.2131841757563685e-16
731,-67.37252754886697,33.169431993684064,112.99805287656214,228.62598328701333,359.566249865497,183.22162563050318,718.3370312733794,297.12698422024414,94.01295950744291,418.2097703745338,548.901342964824,1.3103886770814488e-16
732,-67.37252754886742,33.16943199368424,112.99805287656214,228.62598328701333,359.56624986549707,183.22162563050318,718.3370312733792,297.1269842202442,94.01295950744291,418.2097703745339,548.9013429648242,1.8531694391087229e-16
733,-67.37252754886742,33.16943199368404,112.99805287656214,228.62598328701333,359.566249865497,183.22162563050318,718.3370312733794,297.12698422024414,94.01295950744291,418.20977037453383,548.901342964824,1.642659139290227e-16
734,-67.37252754886742,33.16943199368404,112.99805287656214,228.62598328701333,359.56624986549707,183.22162563050318,718.3370312733792,297.1269842202442,94.01295950744291,418.20977037453383,548.901342964824,1.2131841757563685e-16
735,-67.37252754886697,33.169431993684064,112.99805287656214,228.62598328701333,359.566249865497,183.22162563050318,718.3370312733794,297.12698422024414,94.01295950744291,418.2097703745338,548.901342964824,1.3103886770814488e-16
736,-67.37252754886742,33.16943199368424,112.99805287656214,228.62598328701333,359.56624986549707,183.22162563050318,718.3370312733792,297.1269842202442,94.01295950744291,418.2097703745339,548.9013429648242,1.8531694391087229e-16
737,-67.37252754886742,33.16943199368404,112.99805287656214,228.62598328701333,359.566249865497,183.22162563050318,718.3370312733794,297.12698422024414,94.01295950744291,418.20977037453383,548.901342964824,1.642659139290227e-16
738,-67.37252754886742,33.16943199368404,112.99805287656214,228.62598328701333,359.56624986549707,183.22162563050318,718.3370312733792,297.1269842202442,94.01295950744291,418.20977037453383,548.901342964824,1.2131841757563685e-16
739,-67.37252754886697,33.169431993684064,112.99805287656214,228.62598328701333,359.566249865497,183.22162563050318,718.3370312733794,297.12698422024414,94.01295950744291,418.2097703745338,548.901342964824,1.3103886770814488e-16
740,-67.37252754886742,33.16943199368424,112.99805287656214,228.62598328701333,359.56624986549707,183.22162563050318,718.3370312733792,297.1269842202442,94.01295950744291,418.2097703745339,548.9013429648242,1.8531694391087229e-16
741,-67.37252754886742,33.16943199368404,112.99805287656214,228.62598328701333,359.566249865497,183.22162563050318,718.3370312733794,297.12698422024414,94.01295950744291,418.20977037453383,548.901342964824,1.642659139290227e-16
742,-67.37252754886742,33.16943199368404,112.99805287656214,228.62598328701333,359.56624986549707,183.22162563050318,718.3370312733792,297.1269842202442,94.01295950744291,418.20977037453383,548.901342964824,1.2131841757563685e-16
743,-67.37252754886697,33.169431993684064,112.99805287656214,228.62598328701333,359.566249865497,183.22162563050318,718.3370312733794,297.12698422024414,94.01295950744291,418.2097703745338,548.901342964824,1.3103886770814488e-16
744,-67.37252754886742,33.16943199368424,112.99805287656214,228.62598328701333,359.56624986549707,183.22162563050318,718.3370312733792,297.1269842202442,94.01295950744291,418.2097703745339,548.9013429648242,1.8531694391087229e-16
745,-67.37252754886742,33.16943199368404,112.99805287656214,228.62598328701333,359.566249865497,183.22162563050318,718.3370312733794,297.12698422024414,94.01295950744291,418.20977037453383,548.901342964824,1.642659139290227e-16
746,-67.37252754886742,33.16943199368404,112.99805287656214,228.62598328701333,359.56624986549707,183.22162563050318,718.3370312733792,297.1269842202442,94.01295950744291,418.20977037453383,548.901342964824,1.2131841757563685e-16
747,-67.37252754886697,33.169431993684064,112.99805287656214,228.62598328701333,359.566249865497,183.22162563050318,718.3370312733794,297.12698422024414,94.01295950744291,418.2097703745338,548.901342964824,1.3103886770814488e-16
748,-67.37252754886742,33.16943199368424,112.99805287656214,228.62598328701333,359.56624986549707,183.22162563050318,718.3370312733792,297.1269842202442,94.01295950744291,418.2097703745339,548.9013429648242,1.8531694391087229e-16
749,-67.37252754886742,33.16943199368404,112.99805287656214,228.62598328701333,359.566249865497,183.22162563050318,718.3370312733794,297.12698422024414,94.01295950744291,418.20977037453383,548.901342964824,1.642659139290227e-16
750,-67.37252754886742,33.16943199368404,112.99805287656214,228.62598328701333,359.56624986549707,183.22162563050318,718.3370312733792,297.1269842202442,94.01295950744291,418.20977037453383,548.901342964824,1.2131841757563685e-16
751,-67.37252754886697,33.169431993684064,112.99805287656214,228.62598328701333,359.566249865497,183.22162563050318,718.3370312733794,297.12698422024414,94.01295950744291,418.2097703745338,548.901342964824,1.3103886770814488e-16
752,-67.37252754886742,33.16943199368424,112.99805287656214,228.62598328701333,359.56624986549707,183.22162563050318,718.3370312733792,297.1269842202442,94.01295950744291,418.2097703745339,548.9013429648242,1.8531694391087229e-16
753,-67.37252754886742,33.16943199368404,112.99805287656214,228.62598328701333,359.566249865497,183.22162563050318,718.3370312733794,297.12698422024414,94.01295950744291,418.20977037453383,548.901342964824,1.642659139290227e-16
754,-67.37252754886742,33.16943199368404,112.99805287656214,228.62598328701333,359.56624986549707,183.22162563050318,718.3370312733792,297.1269842202442,94.01295950744291,418.20977037453383,548.901342964824,1.2131841757563685e-16
755,-67.37252754886697,33.169431993684064,112.99805287656214,228.62598328701333,359.566249865497,183.22162563050318,718.3370312733794,297.12698422024414,94.01295950744291,418.2097703745338,548.901342964824,1.3103886770814488e-16
756,-67.37252754886742,33.16943199368424,112.99805287656214,228.62598328701333,359.56624986549707,183.22162563050318,718.3370312733792,297.1269842202442,94.01295950744291,418.2097703745339,548.9013429648242,1.8531694391087229e-16
757,-67.37252754886742,33.16943199368404,112.99805287656214,228.62598328701333,359.566249865497,183.22162563050318,718.3370312733794,297.12698422024414,94.01295950744291,418.20977037453383,548.901342964824,1.642659139290227e-16
758,-67.37252754886742,33.16943199368404,112.99805287656214,228.62598328701333,359.56624986549707,183.22162563050318,718.3370312733792,297.1269842202442,94.01295950744291,418.20977037453383,548.901342964824,1.2131841757563685e-16
759,-67.37252754886697,33.169431993684064,112.99805287656214,228.62598328701333,359.566249865497,183.22162563050318,718.3370312733794,297.12698422024414,94.01295950744291,418.2097703745338,548.901342964824,1.3103886770814488e-16
760,-67.37252754886742,33.16943199368424,112.99805287656214,228.62598328701333,359.56624986549707,183.22162563050318,718.3370312733792,297.1269842202442,94.01295950744291,418.2097703745339,548.9013429648242,1.8531694391087229e-16
761,-67.37252754886742,33.16943199368404,112.99805287656214,228.62598328701333,359.566249865497,183.22162563050318,718.3370312733794,297.12698422024414,94.01295950744291,418.20977037453383,548.901342964824,1.642659139290227e-16
762,-67.37252754886742,33.16943199368404,112.99805287656214,228.62598328701333,359.56624986549707,183.22162563050318,718.3370312733792,297.1269842202442,94.01295950744291,418.20977037453383,548.901342964824,1.2131841757563685e-16
763,-67.37252754886697,33.169431993684064,112.99805287656214,228.62598328701333,359.566249865497,183.22162563050318,718.3370312733794,297.12698422024414,94.01295950744291,418.2097703745338,548.901342964824,1.3103886770814488e-16
764,-67.37252754886742,33.16943199368424,112.99805287656214,228.62598328701333,359.56624986549707,183.22162563050318,718.3370312733792,297.1269842202442,94.01295950744291,418.2097703745339,548.9013429648242,1.8531694391087229e-16
765,-67.37252754886742,33.16943199368404,112.99805287656214,228.62598328701333,359.566249865497,183.22162563050318,718.3370312733794,297.12698422024414,94.01295950744291,418.20977037453383,548.901342964824,1.642659139290227e-16
766,-67.37252754886742,33.16943199368404,112.99805287656214,228.62598328701333,359.56624986549707,183.22162563050318,718.3370312733792,297.1269842202442,94.01295950744291,418.20977037453383,548.901342964824,1.2131841757563685e-16
767,-67.37252754886697,33.169431993684064,112.99805287656214,228.62598328701333,359.566249865497,183.22162563050318,718.3370312733794,297.12698422024414,94.01295950744291,418.2097703745338,548.901342964824,1.3103886770814488e-16
768,-67.37252754886742,33.16943199368424,112.99805287656214,228.62598328701333,359.56624986549707,183.22162563050318,718.3370312733792,297.1269842202442,94.01295950744291,418.2097703745339,548.9013429648242,1.8531694391087229e-16
769,-67.37252754886742,33.16943199368404,112.99805287656214,228.62598328701333,359.566249865497,183.22162563050318,718.3370312733794,297.12698422024414,94.01295950744291,418.20977037453383,548.901342964824,1.642659139290227e-16
770,-67.37252754886742,33.16943199368404,112.99805287656214,228.62598328701333,359.56624986549707,183.22162563050318,718.3370312733792,297.1269842202442,94.01295950744291,418.20977037453383,548.901342964824,1.2131841757563685e-16
771,-67.37252754886697,33.169431993684064,112.99805287656214,228.62598328701333,359.566249865497,183.22162563050318,718.3370312733794,297.12698422024414,94.01295950744291,418.2097703745338,548.901342964824,1.3103886770814488e-16
772,-67.37252754886742,33.16943199368424,112.99805287656214,228.62598328701333,359.56624986549707,183.22162563050318,718.3370312733792,297.1269842202442,94.01295950744291,418.2097703745339,548.9013429648242,1.8531694391087229e-16
773,-67.37252754886742,33.16943199368404,112.99805287656214,228.62598328701333,359.566249865497,183.22162563050318,718.3370312733794,297.12698422024414,94.01295950744291,418.20977037453383,548.901342964824,1.642659139290227e-16
774,-67.37252754886742,33.16943199368404,112.99805287656214,228.62598328701333,359.56624986549707,183.22162563050318,718.3370312733792,297.1269842202442,94.01295950744291,418.20977037453383,548.901342964824,1.2131841757563685e-16
775,-67.37252754886697,33.169431993684064,112.99805287656214,228.62598328701333,359.566249865497,183.22162563050318,718.3370312733794,297.12698422024414,94.01295950744291,418.2097703745338,548.901342964824,1.3103886770814488e-16
776,-67.37252754886742,33.16943199368424,112.99805287656214,228.62598328701333,359.56624986549707,183.22162563050318,718.3370312733792,297.1269842202442,94.01295950744291,418.2097703745339,548.9013429648242,1.8531694391087229e-16
777,-67.37252754886742,33.16943199368404,112.99805287656214,228.62598328701333,359.566249865497,183.22162563050318,718.3370312733794,297.12698422024414,94.01295950744291,418.20977037453383,548.901342964824,1.642659139290227e-16
778,-67.37252754886742,33.16943199368404,112.99805287656214,228.62598328701333,359.56624986549707,183.22162563050318,718.3370312733792,297.1269842202442,94.01295950744291,418.20977037453383,548.901342964824,1.2131841757563685e-16
779,-67.37252754886697,33.169431993684064,112.99805287656214,228.62598328701333,359.566249865497,183.22162563050318,718.3370312733794,297.12698422024414,94.01295950744291,418.2097703745338,548.901342964824,1.3103886770814488e-16
780,-67.37252754886742,33.16943199368424,112.99805287656214,228.62598328701333,359.56624986549707,183.22162563050318,718.3370312733792,297.1269842202442,94.01295950744291,418.2097703745339,548.9013429648242,1.8531694391087229e-16
781,-67.37252754886742,33.16943199368404,112.99805287656214,228.62598328701333,359.566249865497,183.22162563050318,718.3370312733794,297.12698422024414,94.01295950744291,418.20977037453383,548.901342964824,1.642659139290227e-16
782,-67.37252754886742,33.16943199368404,112.99805287656214,228.62598328701333,359.56624986549707,183.22162563050318,718.3370312733792,297.1269842202442,94.01295950744291,418.20977037453383,548.901342964824,1.2131841757563685e-16
783,-67.37252754886697,33.169431993684064,112.99805287656214,228.62598328701333,359.566249865497,183.22162563050318,718.3370312733794,297.12698422024414,94.01295950744291,418.2097703745338,548.901342964824,1.3103886770814488e-16
784,-67.37252754886742,33.16943199368424,112.99805287656214,228.62598328701333,359.56624986549707,183.22162563050318,718.3370312733792,297.1269842202442,94.01295950744291,418.2097703745339,548.9013429648242,1.8531694391087229e-16
785,-67.37252754886742,33.16943199368404,112.99805287656214,228.62598328701333,359.566249865497,183.22162563050318,718.3370312733794,297.12698422024414,94.01295950744291,418.20977037453383,548.901342964824,1.642659139290227e-16
786,-67.37252754886742,33.16943199368404,112.99805287656214,228.62598328701333,359.56624986549707,183.22162563050318,718.3370312733792,297.1269842202442,94.01295950744291,418.20977037453383,548.901342964824,1.2131841757563685e-16
787,-67.37252754886697,33.169431993684064,112.99805287656214,228.62598328701333,359.566249865497,183.22162563050318,718.3370312733794,297.12698422024414,94.01295950744291,418.2097703745338,548.901342964824,1.3103886770814488e-16
788,-67.37252754886742,33.16943199368424,112.99805287656214,228.62598328701333,359.56624986549707,183.22162563050318,718.3370312733792,297.1269842202442,94.01295950744291,418.2097703745339,548.9013429648242,1.8531694391087229e-16
789,-67.37252754886742,33.16943199368404,112.99805287656214,228.62598328701333,359.566249865497,183.22162563050318,718.3370312733794,297.12698422024414,94.01295950744291,418.20977037453383,548.901342964824,1.642659139290227e-16
790,-67.37252754886742,33.16943199368404,112.99805287656214,228.62598328701333,359.56624986549707,183.22162563050318,718.3370312733792,297.1269842202442,94.01295950744291,418.20977037453383,548.901342964824,1.2131841757563685e-16
791,-67.37252754886697,33.169431993684064,112.99805287656214,228.62598328701333,359.566249865497,183.22162563050318,718.3370312733794,297.12698422024414,94.01295950744291,418.2097703745338,548.901342964824,1.3103886770814488e-16
792,-67.37252754886742,33.16943199368424,112.99805287656214,228.62598328701333,359.56624986549707,183.22162563050318,718.3370312733792,297.1269842202442,94.01295950744291,418.2097703745339,548.9013429648242,1.8531694391087229e-16
793,-67.37252754886742,33.16943199368404,112.99805287656214,228.62598328701333,359.566249865497,183.22162563050318,718.3370312733794,297.12698422024414,94.01295950744291,418.20977037453383,548.901342964824,1.642659139290227e-16
794,-67.37252754886742,33.16943199368404,112.99805287656214,228.62598328701333,359.56624986549707,183.22162563050318,718.3370312733792,297.1269842202442,94.01295950744291,418.20977037453383,548.901342964824,1.2131841757563685e-16
795,-67.37252754886697,33.169431993684064,112.99805287656214,228.62598328701333,359.566249865497,183.22162563050318,718.3370312733794,297.12698422024414,94.01295950744291,418.2097703745338,548.901342964824,1.3103886770814488e-16
796,-67.37252754886742,33.16943199368424,112.99805287656214,228.62598328701333,359.56624986549707,183.22162563050318,718.3370312733792,297.1269842202442,94.01295950744291,418.2097703745339,548.9013429648242,1.8531694391087229e-16
797,-67.37252754886742,33.16943199368404,112.99805287656214,228.62598328701333,359.566249865497,183.22162563050318,718.3370312733794,297.12698422024414,94.01295950744291,418.20977037453383,548.901342964824,1.642659139290227e-16
798,-67.37252754886742,33.16943199368404,112.99805287656214,228.62598328701333,359.56624986549707,183.22162563050318,718.3370312733792,297.1269842202442,94.01295950744291,418.20977037453383,548.901342964824,1.2131841757563685e-16
799,-67.37252754886697,33.169431993684064,112.99805287656214,228.62598328701333,359.566249865497,183.22162563050318,718.3370312733794,297.12698422024414,94.01295950744291,418.2097703745338,548.901342964824,1.3103886770814488e-16
800,-67.37252754886742,33.16943199368424,112.99805287656214,228.62598328701333,359.56624986549707,183.22162563050318,718.3370312733792,297.1269842202442,94.01295950744291,418.2097703745339,548.9013429648242,1.8531694391087229e-16
801,-67.37252754886742,33.16943199368404,112.99805287656214,228.62598328701333,359.566249865497,183.22162563050318,718.3370312733794,297.12698422024414,94.01295950744291,418.20977037453383,548.901342964824,1.642659139290227e-16
802,-67.37252754886742,33.16943199368404,112.99805287656214,228.62598328701333,359.56624986549707,183.22162563050318,718.3370312733792,297.1269842202442,94.01295950744291,418.20977037453383,548.901342964824,1.2131841757563685e-16
803,-67.37252754886697,33.169431993684064,112.99805287656214,228.62598328701333,359.566249865497,183.22162563050318,718.3370312733794,297.12698422024414,94.01295950744291,418.2097703745338,548.901342964824,1.3103886770814488e-16
804,-67.37252754886742,33.16943199368424,112.99805287656214,228.62598328701333,359.56624986549707,183.22162563050318,718.3370312733792,297.1269842202442,94.01295950744291,418.2097703745339,548.9013429648242,1.8531694391087229e-16
805,-67.37252754886742,33.16943199368404,112.99805287656214,228.62598328701333,359.566249865497,183.22162563050318,718.3370312733794,297.12698422024414,94.01295950744291,418.20977037453383,548.901342964824,1.642659139290227e-16
806,-67.37252754886742,33.16943199368404,112.99805287656214,228.62598328701333,359.56624986549707,183.22162563050318,718.3370312733792,297.1269842202442,94.01295950744291,418.20977037453383,548.901342964824,1.2131841757563685e-16
807,-67.37252754886697,33.169431993684064,112.99805287656214,228.62598328701333,359.566249865497,183.22162563050318,718.3370312733794,297.12698422024414,94.01295950744291,418.2097703745338,548.901342964824,1.3103886770814488e-16
808,-67.37252754886742,33.16943199368424,112.99805287656214,228.62598328701333,359.56624986549707,183.22162563050318,718.3370312733792,297.1269842202442,94.01295950744291,418.2097703745339,548.9013429648242,1.8531694391087229e-16
809,-67.37252754886742,33.16943199368404,112.99805287656214,228.62598328701333,359.566249865497,183.22162563050318,718.3370312733794,297.12698422024414,94.01295950744291,418.20977037453383,548.901342964824,1.642659139290227e-16
810,-67.37252754886742,33.16943199368404,112.99805287656214,228.62598328701333,359.56624986549707,183.22162563050318,718.3370312733792,297.1269842202442,94.01295950744291,418.20977037453383,548.901342964824,1.2131841757563685e-16
811,-67.37252754886697,33.169431993684064,112.99805287656214,228.62598328701333,359.566249865497,183.22162563050318,718.3370312733794,297.12698422024414,94.01295950744291,418.2097703745338,548.901342964824,1.3103886770814488e-16
812,-67.37252754886742,33.16943199368424,112.99805287656214,228.62598328701333,359.56624986549707,183.22162563050318,718.3370312733792,297.1269842202442,94.01295950744291,418.2097703745339,548.9013429648242,1.8531694391087229e-16
813,-67.37252754886742,33.16943199368404,112.99805287656214,228.62598328701333,359.566249865497,183.22162563050318,718.3370312733794,297.12698422024414,94.01295950744291,418.20977037453383,548.901342964824,1.642659139290227e-16
814,-67.37252754886742,33.16943199368404,112.99805287656214,228.62598328701333,359.56624986549707,183.22162563050318,718.3370312733792,297.1269842202442,94.01295950744291,418.20977037453383,548.901342964824,1.2131841757563685e-16
815,-67.37252754886697,33.169431993684064,112.99805287656214,228.62598328701333,359.566249865497,183.22162563050318,718.3370312733794,297.12698422024414,94.01295950744291,418.2097703745338,548.901342964824,1.3103886770814488e-16
816,-67.37252754886742,33.16943199368424,112.99805287656214,228.62598328701333,359.56624986549707,183.22162563050318,718.3370312733792,297.1269842202442,94.01295950744291,418.2097703745339,548.9013429648242,1.8531694391087229e-16
817,-67.37252754886742,33.16943199368404,112.99805287656214,228.62598328701333,359.566249865497,183.22162563050318,718.3370312733794,297.12698422024414,94.01295950744291,418.20977037453383,548.901342964824,1.642659139290227e-16
818,-67.37252754886742,33.16943199368404,112.99805287656214,228.62598328701333,359.56624986549707,183.22162563050318,718.3370312733792,297.1269842202442,94.01295950744291,418.20977037453383,548.901342964824,1.2131841757563685e-16
819,-67.37252754886697,33.169431993684064,112.99805287656214,228.62598328701333,359.566249865497,183.22162563050318,718.3370312733794,297.12698422024414,94.01295950744291,418.2097703745338,548.901342964824,1.3103886770814488e-16
820,-67.37252754886742,33.16943199368424,112.99805287656214,228.62598328701333,359.56624986549707,183.22162563050318,718.3370312733792,297.1269842202442,94.01295950744291,418.2097703745339,548.9013429648242,1.8531694391087229e-16
821,-67.37252754886742,33.16943199368404,112.99805287656214,228.62598328701333,359.566249865497,183.22162563050318,718.3370312733794,297.12698422024414,94.01295950744291,418.20977037453383,548.901342964824,1.642659139290227e-16
822,-67.37252754886742,33.16943199368404,112.99805287656214,228.62598328701333,359.56624986549707,183.22162563050318,718.3370312733792,297.1269842202442,94.01295950744291,418.20977037453383,548.901342964824,1.2131841757563685e-16
823,-67.37252754886697,33.169431993684064,112.99805287656214,228.62598328701333,359.566249865497,183.22162563050318,718.3370312733794,297.12698422024414,94.01295950744291,418.2097703745338,548.901342964824,1.3103886770814488e-16
824,-67.37252754886742,33.16943199368424,112.99805287656214,228.62598328701333,359.56624986549707,183.22162563050318,718.3370312733792,297.1269842202442,94.01295950744291,418.2097703745339,548.9013429648242,1.8531694391087229e-16
825,-67.37252754886742,33.16943199368404,112.99805287656214,228.62598328701333,359.566249865497,183.22162563050318,718.3370312733794,297.12698422024414,94.01295950744291,418.20977037453383,548.901342964824,1.642659139290227e-16
826,-67.37252754886742,33.16943199368404,112.99805287656214,228.62598328701333,359.56624986549707,183.22162563050318,718.3370312733792,297.1269842202442,94.01295950744291,418.20977037453383,548.901342964824,1.2131841757563685e-16
827,-67.37252754886697,33.169431993684064,112.99805287656214,228.62598328701333,359.566249865497,183.22162563050318,718.3370312733794,297.12698422024414,94.01295950744291,418.2097703745338,548.901342964824,1.3103886770814488e-16
828,-67.37252754886742,33.16943199368424,112.99805287656214,228.62598328701333,359.56624986549707,183.22162563050318,718.3370312733792,297.1269842202442,94.01295950744291,418.2097703745339,548.9013429648242,1.8531694391087229e-16
829,-67.37252754886742,33.16943199368404,112.99805287656214,228.62598328701333,359.566249865497,183.22162563050318,718.3370312733794,297.12698422024414,94.01295950744291,418.20977037453383,548.901342964824,1.642659139290227e-16
830,-67.37252754886742,33.16943199368404,112.99805287656214,228.62598328701333,359.56624986549707,183.22162563050318,718.3370312733792,297.1269842202442,94.01295950744291,418.20977037453383,548.901342964824,1.2131841757563685e-16
831,-67.37252754886697,33.169431993684064,112.99805287656214,228.62598328701333,359.566249865497,183.22162563050318,718.3370312733794,297.12698422024414,94.01295950744291,418.2097703745338,548.901342964824,1.3103886770814488e-16
832,-67.37252754886742,33.16943199368424,112.99805287656214,228.62598328701333,359.56624986549707,183.22162563050318,718.3370312733792,297.1269842202442,94.01295950744291,418.2097703745339,548.9013429648242,1.8531694391087229e-16
833,-67.37252754886742,33.16943199368404,112.99805287656214,228.62598328701333,359.566249865497,183.22162563050318,718.3370312733794,297.12698422024414,94.01295950744291,418.20977037453383,548.901342964824,1.642659139290227e-16
834,-67.37252754886742,33.16943199368404,112.99805287656214,228.62598328701333,359.56624986549707,183.22162563050318,718.3370312733792,297.1269842202442,94.01295950744291,418.20977037453383,548.901342964824,1.2131841757563685e-16
835,-67.37252754886697,33.169431993684064,112.99805287656214,228.62598328701333,359.566249865497,183.22162563050318,718.3370312733794,297.12698422024414,94.01295950744291,418.2097703745338,548.901342964824,1.3103886770814488e-16
836,-67.37252754886742,33.16943199368424,112.99805287656214,228.62598328701333,359.56624986549707,183.22162563050318,718.3370312733792,297.1269842202442,94.01295950744291,418.2097703745339,548.9013429648242,1.8531694391087229e-16
837,-67.37252754886742,33.16943199368404,112.99805287656214,228.62598328701333,359.566249865497,183.22162563050318,718.3370312733794,297.12698422024414,94.01295950744291,418.20977037453383,548.901342964824,1.642659139290227e-16
838,-67.37252754886742,33.16943199368404,112.99805287656214,228.62598328701333,359.56624986549707,183.22162563050318,718.3370312733792,297.1269842202442,94.01295950744291,418.20977037453383,548.901342964824,1.2131841757563685e-16
839,-67.37252754886697,33.169431993684064,112.99805287656214,228.62598328701333,359.566249865497,183.22162563050318,718.3370312733794,297.12698422024414,94.01295950744291,418.2097703745338,548.901342964824,1.3103886770814488e-16
840,-67.37252754886742,33.16943199368424,112.99805287656214,228.62598328701333,359.56624986549707,183.22162563050318,718.3370312733792,297.1269842202442,94.01295950744291,418.2097703745339,548.9013429648242,1.8531694391087229e-16
841,-67.37252754886742,33.16943199368404,112.99805287656214,228.62598328701333,359.566249865497,183.22162563050318,718.3370312733794,297.12698422024414,94.01295950744291,418.20977037453383,548.901342964824,1.642659139290227e-16
842,-67.37252754886742,33.16943199368404,112.99805287656214,228.62598328701333,359.56624986549707,183.22162563050318,718.3370312733792,297.1269842202442,94.01295950744291,418.20977037453383,548.901342964824,1.2131841757563685e-16
843,-67.37252754886697,33.169431993684064,112.99805287656214,228.62598328701333,359.566249865497,183.22162563050318,718.3370312733794,297.12698422024414,94.01295950744291,418.2097703745338,548.901342964824,1.3103886770814488e-16
844,-67.37252754886742,33.16943199368424,112.99805287656214,228.62598328701333,359.56624986549707,183.22162563050318,718.3370312733792,297.1269842202442,94.01295950744291,418.2097703745339,548.9013429648242,1.8531694391087229e-16
845,-67.37252754886742,33.16943199368404,112.99805287656214,228.62598328701333,359.566249865497,183.22162563050318,718.3370312733794,297.12698422024414,94.01295950744291,418.20977037453383,548.901342964824,1.642659139290227e-16
846,-67.37252754886742,33.16943199368404,112.99805287656214,228.62598328701333,359.56624986549707,183.22162563050318,718.3370312733792,297.1269842202442,94.01295950744291,418.20977037453383,548.901342964824,1.2131841757563685e-16
847,-67.37252754886697,33.169431993684064,112.99805287656214,228.62598328701333,359.566249865497,183.22162563050318,718.3370312733794,297.12698422024414,94.01295950744291,418.2097703745338,548.901342964824,1.3103886770814488e-16
848,-67.37252754886742,33.16943199368424,112.99805287656214,228.62598328701333,359.56624986549707,183.22162563050318,718.3370312733792,297.1269842202442,94.01295950744291,418.2097703745339,548.9013429648242,1.8531694391087229e-16
849,-67.37252754886742,33.16943199368404,112.99805287656214,228.62598328701333,359.566249865497,183.22162563050318,718.3370312733794,297.12698422024414,94.01295950744291,418.20977037453383,548.901342964824,1.642659139290227e-16
850,-67.37252754886742,33.16943199368404,112.99805287656214,228.62598328701333,359.56624986549707,183.22162563050318,718.3370312733792,297.1269842202442,94.01295950744291,418.20977037453383,548.901342964824,1.2131841757563685e-16
851,-67.37252754886697,33.169431993684064,112.99805287656214,228.62598328701333,359.566249865497,183.22162563050318,718.3370312733794,297.12698422024414,94.01295950744291,418.2097703745338,548.901342964824,1.3103886770814488e-16
852,-67.37252754886742,33.16943199368424,112.99805287656214,228.62598328701333,359.56624986549707,183.22162563050318,718.3370312733792,297.1269842202442,94.01295950744291,418.2097703745339,548.9013429648242,1.8531694391087229e-16
853,-67.37252754886742,33.16943199368404,112.99805287656214,228.62598328701333,359.566249865497,183.22162563050318,718.3370312733794,297.12698422024414,94.01295950744291,418.20977037453383,548.901342964824,1.642659139290227e-16
854,-67.37252754886742,33.16943199368404,112.99805287656214,228.62598328701333,359.56624986549707,183.22162563050318,718.3370312733792,297.1269842202442,94.01295950744291,418.20977037453383,548.901342964824,1.2131841757563685e-16
855,-67.37252754886697,33.169431993684064,112.99805287656214,228.62598328701333,359.566249865497,183.22162563050318,718.3370312733794,297.12698422024414,94.01295950744291,418.2097703745338,548.901342964824,1.3103886770814488e-16
856,-67.37252754886742,33.16943199368424,112.99805287656214,228.62598328701333,359.56624986549707,183.22162563050318,718.3370312733792,297.1269842202442,94.01295950744291,418.2097703745339,548.9013429648242,1.8531694391087229e-16
857,-67.37252754886742,33.16943199368404,112.99805287656214,228.62598328701333,359.566249865497,183.22162563050318,718.3370312733794,297.12698422024414,94.01295950744291,418.20977037453383,548.901342964824,1.642659139290227e-16
858,-67.37252754886742,33.16943199368404,112.99805287656214,228.62598328701333,359.56624986549707,183.22162563050318,718.3370312733792,297.1269842202442,94.01295950744291,418.20977037453383,548.901342964824,1.2131841757563685e-16
859,-67.37252754886697,33.169431993684064,112.99805287656214,228.62598328701333,359.566249865497,183.22162563050318,718.3370312733794,297.12698422024414,94.01295950744291,418.2097703745338,548.901342964824,1.3103886770814488e-16
860,-67.37252754886742,33.16943199368424,112.99805287656214,228.62598328701333,359.56624986549707,183.22162563050318,718.3370312733792,297.1269842202442,94.01295950744291,418.2097703745339,548.9013429648242,1.8531694391087229e-16
861,-67.37252754886742,33.16943199368404,112.99805287656214,228.62598328701333,359.566249865497,183.22162563050318,718.3370312733794,297.12698422024414,94.01295950744291,418.20977037453383,548.901342964824,1.642659139290227e-16
862,-67.37252754886742,33.16943199368404,112.99805287656214,228.62598328701333,359.56624986549707,183.22162563050318,718.3370312733792,297.1269842202442,94.01295950744291,418.20977037453383,548.901342964824,1.2131841757563685e-16
863,-67.37252754886697,33.169431993684064,112.99805287656214,228.62598328701333,359.566249865497,183.22162563050318,718.3370312733794,297.12698422024414,94.01295950744291,418.2097703745338,548.901342964824,1.3103886770814488e-16
864,-67.37252754886742,33.16943199368424,112.99805287656214,228.62598328701333,359.56624986549707,183.22162563050318,718.3370312733792,297.1269842202442,94.01295950744291,418.2097703745339,548.9013429648242,1.8531694391087229e-16
865,-67.37252754886742,33.16943199368404,112.99805287656214,228.62598328701333,359.566249865497,183.22162563050318,718.3370312733794,297.12698422024414,94.01295950744291,418.20977037453383,548.901342964824,1.642659139290227e-16
866,-67.37252754886742,33.16943199368404,112.99805287656214,228.62598328701333,359.56624986549707,183.22162563050318,718.3370312733792,297.1269842202442,94.01295950744291,418.20977037453383,548.901342964824,1.2131841757563685e-16
867,-67.37252754886697,33.169431993684064,112.99805287656214,228.62598328701333,359.566249865497,183.22162563050318,718.3370312733794,297.12698422024414,94.01295950744291,418.2097703745338,548.901342964824,1.3103886770814488e-16
868,-67.37252754886742,33.16943199368424,112.99805287656214,228.62598328701333,359.56624986549707,183.22162563050318,718.3370312733792,297.1269842202442,94.01295950744291,418.2097703745339,548.9013429648242,1.8531694391087229e-16
869,-67.37252754886742,33.16943199368404,112.99805287656214,228.62598328701333,359.566249865497,183.22162563050318,718.3370312733794,297.12698422024414,94.01295950744291,418.20977037453383,548.901342964824,1.642659139290227e-16
870,-67.37252754886742,33.16943199368404,112.99805287656214,228.62598328701333,359.56624986549707,183.22162563050318,718.3370312733792,297.1269842202442,94.01295950744291,418.20977037453383,548.901342964824,1.2131841757563685e-16
871,-67.37252754886697,33.169431993684064,112.99805287656214,228.62598328701333,359.566249865497,183.22162563050318,718.3370312733794,297.12698422024414,94.01295950744291,418.2097703745338,548.901342964824,1.3103886770814488e-16
872,-67.37252754886742,33.16943199368424,112.99805287656214,228.62598328701333,359.56624986549707,183.22162563050318,718.3370312733792,297.1269842202442,94.01295950744291,418.2097703745339,548.9013429648242,1.8531694391087229e-16
873,-67.37252754886742,33.16943199368404,112.99805287656214,228.62598328701333,359.566249865497,183.22162563050318,718.3370312733794,297.12698422024414,94.01295950744291,418.20977037453383,548.901342964824,1.642659139290227e-16
874,-67.37252754886742,33.16943199368404,112.99805287656214,228.62598328701333,359.56624986549707,183.22162563050318,718.3370312733792,297.1269842202442,94.01295950744291,418.20977037453383,548.901342964824,1.2131841757563685e-16
875,-67.37252754886697,33.169431993684064,112.99805287656214,228.62598328701333,359.566249865497,183.22162563050318,718.3370312733794,297.12698422024414,94.01295950744291,418.2097703745338,548.901342964824,1.3103886770814488e-16
876,-67.37252754886742,33.16943199368424,112.99805287656214,228.62598328701333,359.56624986549707,183.22162563050318,718.3370312733792,297.1269842202442,94.01295950744291,418.2097703745339,548.9013429648242,1.8531694391087229e-16
877,-67.37252754886742,33.16943199368404,112.99805287656214,228.62598328701333,359.566249865497,183.22162563050318,718.3370312733794,297.12698422024414,94.01295950744291,418.20977037453383,548.901342964824,1.642659139290227e-16
878,-67.37252754886742,33.16943199368404,112.99805287656214,228.62598328701333,359.56624986549707,183.22162563050318,718.3370312733792,297.1269842202442,94.01295950744291,418.20977037453383,548.901342964824,1.2131841757563685e-16
879,-67.37252754886697,33.169431993684064,112.99805287656214,228.62598328701333,359.566249865497,183.22162563050318,718.3370312733794,297.12698422024414,94.01295950744291,418.2097703745338,548.901342964824,1.3103886770814488e-16
880,-67.37252754886742,33.16943199368424,112.99805287656214,228.62598328701333,359.56624986549707,183.22162563050318,718.3370312733792,297.1269842202442,94.01295950744291,418.2097703745339,548.9013429648242,1.8531694391087229e-16
881,-67.37252754886742,33.16943199368404,112.99805287656214,228.62598328701333,359.566249865497,183.22162563050318,718.3370312733794,297.12698422024414,94.01295950744291,418.20977037453383,548.901342964824,1.642659139290227e-16
882,-67.37252754886742,33.16943199368404,112.99805287656214,228.62598328701333,359.56624986549707,183.22162563050318,718.3370312733792,297.1269842202442,94.01295950744291,418.20977037453383,548.901342964824,1.2131841757563685e-16
883,-67.37252754886697,33.169431993684064,112.99805287656214,228.62598328701333,359.566249865497,183.22162563050318,718.3370312733794,297.12698422024414,94.01295950744291,418.2097703745338,548.901342964824,1.3103886770814488e-16
884,-67.37252754886742,33.16943199368424,112.99805287656214,228.62598328701333,359.56624986549707,183.22162563050318,718.3370312733792,297.1269842202442,94.01295950744291,418.2097703745339,548.9013429648242,1.8531694391087229e-16
885,-67.37252754886742,33.16943199368404,112.99805287656214,228.62598328701333,359.566249865497,183.22162563050318,718.3370312733794,297.12698422024414,94.01295950744291,418.20977037453383,548.901342964824,1.642659139290227e-16
886,-67.37252754886742,33.16943199368404,112.99805287656214,228.62598328701333,359.56624986549707,183.22162563050318,718.3370312733792,297.1269842202442,94.01295950744291,418.20977037453383,548.901342964824,1.2131841757563685e-16
887,-67.37252754886697,33.169431993684064,112.99805287656214,228.62598328701333,359.566249865497,183.22162563050318,718.3370312733794,297.12698422024414,94.01295950744291,418.2097703745338,548.901342964824,1.3103886770814488e-16
888,-67.37252754886742,33.16943199368424,112.99805287656214,228.62598328701333,359.56624986549707,183.22162563050318,718.3370312733792,297.1269842202442,94.01295950744291,418.2097703745339,548.9013429648242,1.8531694391087229e-16
889,-67.37252754886742,33.16943199368404,112.99805287656214,228.62598328701333,359.566249865497,183.22162563050318,718.3370312733794,297.12698422024414,94.01295950744291,418.20977037453383,548.901342964824,1.642659139290227e-16
890,-67.37252754886742,33.16943199368404,112.99805287656214,228.62598328701333,359.56624986549707,183.22162563050318,718.3370312733792,297.1269842202442,94.01295950744291,418.20977037453383,548.901342964824,1.2131841757563685e-16
891,-67.37252754886697,33.169431993684064,112.99805287656214,228.62598328701333,359.566249865497,183.22162563050318,718.3370312733794,297.12698422024414,94.01295950744291,418.2097703745338,548.901342964824,1.3103886770814488e-16
892,-67.37252754886742,33.16943199368424,112.99805287656214,228.62598328701333,359.56624986549707,183.22162563050318,718.3370312733792,297.1269842202442,94.01295950744291,418.2097703745339,548.9013429648242,1.8531694391087229e-16
893,-67.37252754886742,33.16943199368404,112.99805287656214,228.62598328701333,359.566249865497,183.22162563050318,718.3370312733794,297.12698422024414,94.01295950744291,418.20977037453383,548.901342964824,1.642659139290227e-16
894,-67.37252754886742,33.16943199368404,112.99805287656214,228.62598328701333,359.56624986549707,183.22162563050318,718.3370312733792,297.1269842202442,94.01295950744291,418.20977037453383,548.901342964824,1.2131841757563685e-16
895,-67.37252754886697,33.169431993684064,112.99805287656214,228.62598328701333,359.566249865497,183.22162563050318,718.3370312733794,297.12698422024414,94.01295950744291,418.2097703745338,548.901342964824,1.3103886770814488e-16
896,-67.37252754886742,33.16943199368424,112.99805287656214,228.62598328701333,359.56624986549707,183.22162563050318,718.3370312733792,297.1269842202442,94.01295950744291,418.2097703745339,548.9013429648242,1.8531694391087229e-16
897,-67.37252754886742,33.16943199368404,112.99805287656214,228.62598328701333,359.566249865497,183.22162563050318,718.3370312733794,297.12698422024414,94.01295950744291,418.20977037453383,548.901342964824,1.642659139290227e-16
898,-67.37252754886742,33.16943199368404,112.99805287656214,228.62598328701333,359.56624986549707,183.22162563050318,718.3370312733792,297.1269842202442,94.01295950744291,418.20977037453383,548.901342964824,1.2131841757563685e-16
899,-67.37252754886697,33.169431993684064,112.99805287656214,228.62598328701333,359.566249865497,183.22162563050318,718.3370312733794,297.12698422024414,94.01295950744291,418.2097703745338,548.901342964824,1.3103886770814488e-16
900,-67.37252754886742,33.16943199368424,112.99805287656214,228.62598328701333,359.56624986549707,183.22162563050318,718.3370312733792,297.1269842202442,94.01295950744291,418.2097703745339,548.9013429648242,1.8531694391087229e-16
901,-67.37252754886742,33.16943199368404,112.99805287656214,228.62598328701333,359.566249865497,183.22162563050318,718.3370312733794,297.12698422024414,94.01295950744291,418.20977037453383,548.901342964824,1.642659139290227e-16
902,-67.37252754886742,33.16943199368404,112.99805287656214,228.62598328701333,359.56624986549707,183.22162563050318,718.3370312733792,297.1269842202442,94.01295950744291,418.20977037453383,548.901342964824,1.2131841757563685e-16
903,-67.37252754886697,33.169431993684064,112.99805287656214,228.62598328701333,359.566249865497,183.22162563050318,718.3370312733794,297.12698422024414,94.01295950744291,418.2097703745338,548.901342964824,1.3103886770814488e-16
904,-67.37252754886742,33.16943199368424,112.99805287656214,228.62598328701333,359.56624986549707,183.22162563050318,718.3370312733792,297.1269842202442,94.01295950744291,418.2097703745339,548.9013429648242,1.8531694391087229e-16
905,-67.37252754886742,33.16943199368404,112.99805287656214,228.62598328701333,359.566249865497,183.22162563050318,718.3370312733794,297.12698422024414,94.01295950744291,418.20977037453383,548.901342964824,1.642659139290227e-16
906,-67.37252754886742,33.16943199368404,112.99805287656214,228.62598328701333,359.56624986549707,183.22162563050318,718.3370312733792,297.1269842202442,94.01295950744291,418.20977037453383,548.901342964824,1.2131841757563685e-16
907,-67.37252754886697,33.169431993684064,112.99805287656214,228.62598328701333,359.566249865497,183.22162563050318,718.3370312733794,297.12698422024414,94.01295950744291,418.2097703745338,548.901342964824,1.3103886770814488e-16
908,-67.37252754886742,33.16943199368424,112.99805287656214,228.62598328701333,359.56624986549707,183.22162563050318,718.3370312733792,297.1269842202442,94.01295950744291,418.2097703745339,548.9013429648242,1.8531694391087229e-16
909,-67.37252754886742,33.16943199368404,112.99805287656214,228.62598328701333,359.566249865497,183.22162563050318,718.3370312733794,297.12698422024414,94.01295950744291,418.20977037453383,548.901342964824,1.642659139290227e-16
910,-67.37252754886742,33.16943199368404,112.99805287656214,228.62598328701333,359.56624986549707,183.22162563050318,718.3370312733792,297.1269842202442,94.01295950744291,418.20977037453383,548.901342964824,1.2131841757563685e-16
911,-67.37252754886697,33.169431993684064,112.99805287656214,228.62598328701333,359.566249865497,183.22162563050318,718.3370312733794,297.12698422024414,94.01295950744291,418.2097703745338,548.901342964824,1.3103886770814488e-16
912,-67.37252754886742,33.16943199368424,112.99805287656214,228.62598328701333,359.56624986549707,183.22162563050318,718.3370312733792,297.1269842202442,94.01295950744291,418.2097703745339,548.9013429648242,1.8531694391087229e-16
913,-67.37252754886742,33.16943199368404,112.99805287656214,228.62598328701333,359.566249865497,183.22162563050318,718.3370312733794,297.12698422024414,94.01295950744291,418.20977037453383,548.901342964824,1.642659139290227e-16
914,-67.37252754886742,33.16943199368404,112.99805287656214,228.62598328701333,359.56624986549707,183.22162563050318,718.3370312733792,297.1269842202442,94.01295950744291,418.20977037453383,548.901342964824,1.2131841757563685e-16
915,-67.37252754886697,33.169431993684064,112.99805287656214,228.62598328701333,359.566249865497,183.22162563050318,718.3370312733794,297.12698422024414,94.01295950744291,418.2097703745338,548.901342964824,1.3103886770814488e-16
916,-67.37252754886742,33.16943199368424,112.99805287656214,228.62598328701333,359.56624986549707,183.22162563050318,718.3370312733792,297.1269842202442,94.01295950744291,418.2097703745339,548.9013429648242,1.8531694391087229e-16
917,-67.37252754886742,33.16943199368404,112.99805287656214,228.62598328701333,359.566249865497,183.22162563050318,718.3370312733794,297.12698422024414,94.01295950744291,418.20977037453383,548.901342964824,1.642659139290227e-16
918,-67.37252754886742,33.16943199368404,112.99805287656214,228.62598328701333,359.56624986549707,183.22162563050318,718.3370312733792,297.1269842202442,94.01295950744291,418.20977037453383,548.901342964824,1.2131841757563685e-16
919,-67.37252754886697,33.169431993684064,112.99805287656214,228.62598328701333,359.566249865497,183.22162563050318,718.3370312733794,297.12698422024414,94.01295950744291,418.2097703745338,548.901342964824,1.3103886770814488e-16
920,-67.37252754886742,33.16943199368424,112.99805287656214,228.62598328701333,359.56624986549707,183.22162563050318,718.3370312733792,297.1269842202442,94.01295950744291,418.2097703745339,548.9013429648242,1.8531694391087229e-16
921,-67.37252754886742,33.16943199368404,112.99805287656214,228.62598328701333,359.566249865497,183.22162563050318,718.3370312733794,297.12698422024414,94.01295950744291,418.20977037453383,548.901342964824,1.642659139290227e-16
922,-67.37252754886742,33.16943199368404,112.99805287656214,228.62598328701333,359.56624986549707,183.22162563050318,718.3370312733792,297.1269842202442,94.01295950744291,418.20977037453383,548.901342964824,1.2131841757563685e-16
923,-67.37252754886697,33.169431993684064,112.99805287656214,228.62598328701333,359.566249865497,183.22162563050318,718.3370312733794,297.12698422024414,94.01295950744291,418.2097703745338,548.901342964824,1.3103886770814488e-16
924,-67.37252754886742,33.16943199368424,112.99805287656214,228.62598328701333,359.56624986549707,183.22162563050318,718.3370312733792,297.1269842202442,94.01295950744291,418.2097703745339,548.9013429648242,1.8531694391087229e-16
925,-67.37252754886742,33.16943199368404,112.99805287656214,228.62598328701333,359.566249865497,183.22162563050318,718.3370312733794,297.12698422024414,94.01295950744291,418.20977037453383,548.901342964824,1.642659139290227e-16
926,-67.37252754886742,33.16943199368404,112.99805287656214,228.62598328701333,359.56624986549707,183.22162563050318,718.3370312733792,297.1269842202442,94.01295950744291,418.20977037453383,548.901342964824,1.2131841757563685e-16
927,-67.37252754886697,33.169431993684064,112.99805287656214,228.62598328701333,359.566249865497,183.22162563050318,718.3370312733794,297.12698422024414,94.01295950744291,418.2097703745338,548.901342964824,1.3103886770814488e-16
928,-67.37252754886742,33.16943199368424,112.99805287656214,228.62598328701333,359.56624986549707,183.22162563050318,718.3370312733792,297.1269842202442,94.01295950744291,418.2097703745339,548.9013429648242,1.8531694391087229e-16
929,-67.37252754886742,33.16943199368404,112.99805287656214,228.62598328701333,359.566249865497,183.22162563050318,718.3370312733794,297.12698422024414,94.01295950744291,418.20977037453383,548.901342964824,1.642659139290227e-16
930,-67.37252754886742,33.16943199368404,112.99805287656214,228.62598328701333,359.56624986549707,183.22162563050318,718.3370312733792,297.1269842202442,94.01295950744291,418.20977037453383,548.901342964824,1.2131841757563685e-16
931,-67.37252754886697,33.169431993684064,112.99805287656214,228.62598328701333,359.566249865497,183.22162563050318,718.3370312733794,297.12698422024414,94.01295950744291,418.2097703745338,548.901342964824,1.3103886770814488e-16
932,-67.37252754886742,33.16943199368424,112.99805287656214,228.62598328701333,359.56624986549707,183.22162563050318,718.3370312733792,297.1269842202442,94.01295950744291,418.2097703745339,548.9013429648242,1.8531694391087229e-16
933,-67.37252754886742,33.16943199368404,112.99805287656214,228.62598328701333,359.566249865497,183.22162563050318,718.3370312733794,297.12698422024414,94.01295950744291,418.20977037453383,548.901342964824,1.642659139290227e-16
934,-67.37252754886742,33.16943199368404,112.99805287656214,228.62598328701333,359.56624986549707,183.22162563050318,718.3370312733792,297.1269842202442,94.01295950744291,418.20977037453383,548.901342964824,1.2131841757563685e-16
935,-67.37252754886697,33.169431993684064,112.99805287656214,228.62598328701333,359.566249865497,183.22162563050318,718.3370312733794,297.12698422024414,94.01295950744291,418.2097703745338,548.901342964824,1.3103886770814488e-16
936,-67.37252754886742,33.16943199368424,112.99805287656214,228.62598328701333,359.56624986549707,183.22162563050318,718.3370312733792,297.1269842202442,94.01295950744291,418.2097703745339,548.9013429648242,1.8531694391087229e-16
937,-67.37252754886742,33.16943199368404,112.99805287656214,228.62598328701333,359.566249865497,183.22162563050318,718.3370312733794,297.12698422024414,94.01295950744291,418.20977037453383,548.901342964824,1.642659139290227e-16
938,-67.37252754886742,33.16943199368404,112.99805287656214,228.62598328701333,359.56624986549707,183.22162563050318,718.3370312733792,297.1269842202442,94.01295950744291,418.20977037453383,548.901342964824,1.2131841757563685e-16
939,-67.37252754886697,33.169431993684064,112.99805287656214,228.62598328701333,359.566249865497,183.22162563050318,718.3370312733794,297.12698422024414,94.01295950744291,418.2097703745338,548.901342964824,1.3103886770814488e-16
940,-67.37252754886742,33.16943199368424,112.99805287656214,228.62598328701333,359.56624986549707,183.22162563050318,718.3370312733792,297.1269842202442,94.01295950744291,418.2097703745339,548.9013429648242,1.8531694391087229e-16
941,-67.37252754886742,33.16943199368404,112.99805287656214,228.62598328701333,359.566249865497,183.22162563050318,718.3370312733794,297.12698422024414,94.01295950744291,418.20977037453383,548.901342964824,1.642659139290227e-16
942,-67.37252754886742,33.16943199368404,112.99805287656214,228.62598328701333,359.56624986549707,183.22162563050318,718.3370312733792,297.1269842202442,94.01295950744291,418.20977037453383,548.901342964824,1.2131841757563685e-16
943,-67.37252754886697,33.169431993684064,112.99805287656214,228.62598328701333,359.566249865497,183.22162563050318,718.3370312733794,297.12698422024414,94.01295950744291,418.2097703745338,548.901342964824,1.3103886770814488e-16
944,-67.37252754886742,33.16943199368424,112.99805287656214,228.62598328701333,359.56624986549707,183.22162563050318,718.3370312733792,297.1269842202442,94.01295950744291,418.2097703745339,548.9013429648242,1.8531694391087229e-16
945,-67.37252754886742,33.16943199368404,112.99805287656214,228.62598328701333,359.566249865497,183.22162563050318,718.3370312733794,297.12698422024414,94.01295950744291,418.20977037453383,548.901342964824,1.642659139290227e-16
946,-67.37252754886742,33.16943199368404,112.99805287656214,228.62598328701333,359.56624986549707,183.22162563050318,718.3370312733792,297.1269842202442,94.01295950744291,418.20977037453383,548.901342964824,1.2131841757563685e-16
947,-67.37252754886697,33.169431993684064,112.99805287656214,228.62598328701333,359.566249865497,183.22162563050318,718.3370312733794,297.12698422024414,94.01295950744291,418.2097703745338,548.901342964824,1.3103886770814488e-16
948,-67.37252754886742,33.16943199368424,112.99805287656214,228.62598328701333,359.56624986549707,183.22162563050318,718.3370312733792,297.1269842202442,94.01295950744291,418.2097703745339,548.9013429648242,1.8531694391087229e-16
949,-67.37252754886742,33.16943199368404,112.99805287656214,228.62598328701333,359.566249865497,183.22162563050318,718.3370312733794,297.12698422024414,94.01295950744291,418.20977037453383,548.901342964824,1.642659139290227e-16
950,-67.37252754886742,33.16943199368404,112.99805287656214,228.62598328701333,359.56624986549707,183.22162563050318,718.3370312733792,297.1269842202442,94.01295950744291,418.20977037453383,548.901342964824,1.2131841757563685e-16
951,-67.37252754886697,33.169431993684064,112.99805287656214,228.62598328701333,359.566249865497,183.22162563050318,718.3370312733794,297.12698422024414,94.01295950744291,418.2097703745338,548.901342964824,1.3103886770814488e-16
952,-67.37252754886742,33.16943199368424,112.99805287656214,228.62598328701333,359.56624986549707,183.22162563050318,718.3370312733792,297.1269842202442,94.01295950744291,418.2097703745339,548.9013429648242,1.8531694391087229e-16
953,-67.37252754886742,33.16943199368404,112.99805287656214,228.62598328701333,359.566249865497,183.22162563050318,718.3370312733794,297.12698422024414,94.01295950744291,418.20977037453383,548.901342964824,1.642659139290227e-16
954,-67.37252754886742,33.16943199368404,112.99805287656214,228.62598328701333,359.56624986549707,183.22162563050318,718.3370312733792,297.1269842202442,94.01295950744291,418.20977037453383,548.901342964824,1.2131841757563685e-16
955,-67.37252754886697,33.169431993684064,112.99805287656214,228.62598328701333,359.566249865497,183.22162563050318,718.3370312733794,297.12698422024414,94.01295950744291,418.2097703745338,548.901342964824,1.3103886770814488e-16
956,-67.37252754886742,33.16943199368424,112.99805287656214,228.62598328701333,359.56624986549707,183.22162563050318,718.3370312733792,297.1269842202442,94.01295950744291,418.2097703745339,548.9013429648242,1.8531694391087229e-16
957,-67.37252754886742,33.16943199368404,112.99805287656214,228.62598328701333,359.566249865497,183.22162563050318,718.3370312733794,297.12698422024414,94.01295950744291,418.20977037453383,548.901342964824,1.642659139290227e-16
958,-67.37252754886742,33.16943199368404,112.99805287656214,228.62598328701333,359.56624986549707,183.22162563050318,718.3370312733792,297.1269842202442,94.01295950744291,418.20977037453383,548.901342964824,1.2131841757563685e-16
959,-67.37252754886697,33.169431993684064,112.99805287656214,228.62598328701333,359.566249865497,183.22162563050318,718.3370312733794,297.12698422024414,94.01295950744291,418.2097703745338,548.901342964824,1.3103886770814488e-16
960,-67.37252754886742,33.16943199368424,112.99805287656214,228.62598328701333,359.56624986549707,183.22162563050318,718.3370312733792,297.1269842202442,94.01295950744291,418.2097703745339,548.9013429648242,1.8531694391087229e-16
961,-67.37252754886742,33.16943199368404,112.99805287656214,228.62598328701333,359.566249865497,183.22162563050318,718.3370312733794,297.12698422024414,94.01295950744291,418.20977037453383,548.901342964824,1.642659139290227e-16
962,-67.37252754886742,33.16943199368404,112.99805287656214,228.62598328701333,359.56624986549707,183.22162563050318,718.3370312733792,297.1269842202442,94.01295950744291,418.20977037453383,548.901342964824,1.2131841757563685e-16
963,-67.37252754886697,33.169431993684064,112.99805287656214,228.62598328701333,359.566249865497,183.22162563050318,718.3370312733794,297.12698422024414,94.01295950744291,418.2097703745338,548.901342964824,1.3103886770814488e-16
964,-67.37252754886742,33.16943199368424,112.99805287656214,228.62598328701333,359.56624986549707,183.22162563050318,718.3370312733792,297.1269842202442,94.01295950744291,418.2097703745339,548.9013429648242,1.8531694391087229e-16
965,-67.37252754886742,33.16943199368404,112.99805287656214,228.62598328701333,359.566249865497,183.22162563050318,718.3370312733794,297.12698422024414,94.01295950744291,418.20977037453383,548.901342964824,1.642659139290227e-16
966,-67.37252754886742,33.16943199368404,112.99805287656214,228.62598328701333,359.56624986549707,183.22162563050318,718.3370312733792,297.1269842202442,94.01295950744291,418.20977037453383,548.901342964824,1.2131841757563685e-16
967,-67.37252754886697,33.169431993684064,112.99805287656214,228.62598328701333,359.566249865497,183.22162563050318,718.3370312733794,297.12698422024414,94.01295950744291,418.2097703745338,548.901342964824,1.3103886770814488e-16
968,-67.37252754886742,33.16943199368424,112.99805287656214,228.62598328701333,359.56624986549707,183.22162563050318,718.3370312733792,297.1269842202442,94.01295950744291,418.2097703745339,548.9013429648242,1.8531694391087229e-16
969,-67.37252754886742,33.16943199368404,112.99805287656214,228.62598328701333,359.566249865497,183.22162563050318,718.3370312733794,297.12698422024414,94.01295950744291,418.20977037453383,548.901342964824,1.642659139290227e-16
970,-67.37252754886742,33.16943199368404,112.99805287656214,228.62598328701333,359.56624986549707,183.22162563050318,718.3370312733792,297.1269842202442,94.01295950744291,418.20977037453383,548.901342964824,1.2131841757563685e-16
971,-67.37252754886697,33.169431993684064,112.99805287656214,228.62598328701333,359.566249865497,183.22162563050318,718.3370312733794,297.12698422024414,94.01295950744291,418.2097703745338,548.901342964824,1.3103886770814488e-16
972,-67.37252754886742,33.16943199368424,112.99805287656214,228.62598328701333,359.56624986549707,183.22162563050318,718.3370312733792,297.1269842202442,94.01295950744291,418.2097703745339,548.9013429648242,1.8531694391087229e-16
973,-67.37252754886742,33.16943199368404,112.99805287656214,228.62598328701333,359.566249865497,183.22162563050318,718.3370312733794,297.12698422024414,94.01295950744291,418.20977037453383,548.901342964824,1.642659139290227e-16
974,-67.37252754886742,33.16943199368404,112.99805287656214,228.62598328701333,359.56624986549707,183.22162563050318,718.3370312733792,297.1269842202442,94.01295950744291,418.20977037453383,548.901342964824,1.2131841757563685e-16
975,-67.37252754886697,33.169431993684064,112.99805287656214,228.62598328701333,359.566249865497,183.22162563050318,718.3370312733794,297.12698422024414,94.01295950744291,418.2097703745338,548.901342964824,1.3103886770814488e-16
976,-67.37252754886742,33.16943199368424,112.99805287656214,228.62598328701333,359.56624986549707,183.22162563050318,718.3370312733792,297.1269842202442,94.01295950744291,418.2097703745339,548.9013429648242,1.8531694391087229e-16
977,-67.37252754886742,33.16943199368404,112.99805287656214,228.62598328701333,359.566249865497,183.22162563050318,718.3370312733794,297.12698422024414,94.01295950744291,418.20977037453383,548.901342964824,1.642659139290227e-16
978,-67.37252754886742,33.16943199368404,112.99805287656214,228.62598328701333,359.56624986549707,183.22162563050318,718.3370312733792,297.1269842202442,94.01295950744291,418.20977037453383,548.901342964824,1.2131841757563685e-16
979,-67.37252754886697,33.169431993684064,112.99805287656214,228.62598328701333,359.566249865497,183.22162563050318,718.3370312733794,297.12698422024414,94.01295950744291,418.2097703745338,548.901342964824,1.3103886770814488e-16
980,-67.37252754886742,33.16943199368424,112.99805287656214,228.62598328701333,359.56624986549707,183.22162563050318,718.3370312733792,297.1269842202442,94.01295950744291,418.2097703745339,548.9013429648242,1.8531694391087229e-16
981,-67.37252754886742,33.16943199368404,112.99805287656214,228.62598328701333,359.566249865497,183.22162563050318,718.3370312733794,297.12698422024414,94.01295950744291,418.20977037453383,548.901342964824,1.642659139290227e-16
982,-67.37252754886742,33.16943199368404,112.99805287656214,228.62598328701333,359.56624986549707,183.22162563050318,718.3370312733792,297.1269842202442,94.01295950744291,418.20977037453383,548.901342964824,1.2131841757563685e-16
983,-67.37252754886697,33.169431993684064,112.99805287656214,228.62598328701333,359.566249865497,183.22162563050318,718.3370312733794,297.12698422024414,94.01295950744291,418.2097703745338,548.901342964824,1.3103886770814488e-16
984,-67.37252754886742,33.16943199368424,112.99805287656214,228.62598328701333,359.56624986549707,183.22162563050318,718.3370312733792,297.1269842202442,94.01295950744291,418.2097703745339,548.9013429648242,1.8531694391087229e-16
985,-67.37252754886742,33.16943199368404,112.99805287656214,228.62598328701333,359.566249865497,183.22162563050318,718.3370312733794,297.12698422024414,94.01295950744291,418.20977037453383,548.901342964824,1.642659139290227e-16
986,-67.37252754886742,33.16943199368404,112.99805287656214,228.62598328701333,359.56624986549707,183.22162563050318,718.3370312733792,297.1269842202442,94.01295950744291,418.20977037453383,548.901342964824,1.2131841757563685e-16
987,-67.37252754886697,33.169431993684064,112.99805287656214,228.62598328701333,359.566249865497,183.22162563050318,718.3370312733794,297.12698422024414,94.01295950744291,418.2097703745338,548.901342964824,1.3103886770814488e-16
988,-67.37252754886742,33.16943199368424,112.99805287656214,228.62598328701333,359.56624986549707,183.22162563050318,718.3370312733792,297.1269842202442,94.01295950744291,418.2097703745339,548.9013429648242,1.8531694391087229e-16
989,-67.37252754886742,33.16943199368404,112.99805287656214,228.62598328701333,359.566249865497,183.22162563050318,718.3370312733794,297.12698422024414,94.01295950744291,418.20977037453383,548.901342964824,1.642659139290227e-16
990,-67.37252754886742,33.16943199368404,112.99805287656214,228.62598328701333,359.56624986549707,183.22162563050318,718.3370312733792,297.1269842202442,94.01295950744291,418.20977037453383,548.901342964824,1.2131841757563685e-16
991,-67.37252754886697,33.169431993684064,112.99805287656214,228.62598328701333,359.566249865497,183.22162563050318,718.3370312733794,297.12698422024414,94.01295950744291,418.2097703745338,548.901342964824,1.3103886770814488e-16
992,-67.37252754886742,33.16943199368424,112.99805287656214,228.62598328701333,359.56624986549707,183.22162563050318,718.3370312733792,297.1269842202442,94.01295950744291,418.2097703745339,548.9013429648242,1.8531694391087229e-16
993,-67.37252754886742,33.16943199368404,112.99805287656214,228.62598328701333,359.566249865497,183.22162563050318,718.3370312733794,297.12698422024414,94.01295950744291,418.20977037453383,548.901342964824,1.642659139290227e-16
994,-67.37252754886742,33.16943199368404,112.99805287656214,228.62598328701333,359.56624986549707,183.22162563050318,718.3370312733792,297.1269842202442,94.01295950744291,418.20977037453383,548.901342964824,1.2131841757563685e-16
995,-67.37252754886697,33.169431993684064,112.99805287656214,228.62598328701333,359.566249865497,183.22162563050318,718.3370312733794,297.12698422024414,94.01295950744291,418.2097703745338,548.901342964824,1.3103886770814488e-16
996,-67.37252754886742,33.16943199368424,112.99805287656214,228.62598328701333,359.56624986549707,183.22162563050318,718.3370312733792,297.1269842202442,94.01295950744291,418.2097703745339,548.9013429648242,1.8531694391087229e-16
997,-67.37252754886742,33.16943199368404,112.99805287656214,228.62598328701333,359.566249865497,183.22162563050318,718.3370312733794,297.12698422024414,94.01295950744291,418.20977037453383,548.901342964824,1.642659139290227e-16
998,-67.37252754886742,33.16943199368404,112.99805287656214,228.62598328701333,359.56624986549707,183.22162563050318,718.3370312733792,297.1269842202442,94.01295950744291,418.20977037453383,548.901342964824,1.2131841757563685e-16
999,-67.37252754886697,33.169431993684064,112.99805287656214,228.62598328701333,359.566249865497,183.22162563050318,718.3370312733794,297.12698422024414,94.01295950744291,418.2097703745338,548.901342964824,1.3103886770814488e-16
1000,-67.37252754886742,33.16943199368424,112.99805287656214,228.62598328701333,359.56624986549707,183.22162563050318,718.3370312733792,297.1269842202442,94.01295950744291,418.2097703745339,548.9013429648242,1.8531694391087229e-16
